Zip Code,Pills
94550,368045810
90242,187157905
92010,74056390
95350,42161712
95825,41336891
95355,39931344
95926,37066200
96001,34265364
95823,34035590
93534,32954470
95661,32123586
93277,31967758
95966,31191755
95210,28866410
95834,28384020
93720,27569670
92021,27343700
95991,27253925
95370,27051420
95351,26809615
93257,26738420
95603,26513860
93454,25961944
95630,25816080
92307,25681704
95240,25482370
92324,25148920
93003,24860548
96002,24229850
93726,24129560
92708,23945880
94538,23682262
92404,23637760
95969,23623610
95667,23502240
92345,23452155
94587,23386960
92880,23293960
95501,23062050
92553,23027620
93230,22814574
91786,22277404
93301,21916782
95422,21504120
95945,21472510
93308,21469910
92395,21357390
96003,21271520
92262,21105850
93065,21079805
95821,20862082
95670,20822026
93274,20677208
94590,20623314
95758,20520590
94533,20418410
95356,20349726
92103,20230165
96007,20195010
94080,20117430
92335,19944810
96080,19623140
92705,19394951
94531,19386750
91505,19268230
94114,19243840
90806,19128085
92506,18968110
95901,18698410
95621,18685980
95207,18479890
95380,18406840
95051,18394230
93612,18367160
96130,18360010
91016,18153810
93309,18079489
92392,17973760
92284,17747690
94558,17715095
95482,17712995
92543,17441500
95340,17240320
95205,17087380
94598,17069810
94115,17008310
95816,16974870
92648,16936887
94611,16900836
93536,16812273
95453,16795540
95608,16789954
93710,16708084
94596,16627601
94553,16532515
95928,16469730
93727,16295010
91942,16293688
93611,16196445
93030,16187752
91355,16180008
95687,16118040
95204,16072180
95531,16011500
93901,15900925
93306,15836275
92373,15719810
92025,15719019
95401,15458960
90027,15403765
91706,15361890
95993,15181390
93551,15143783
95695,15112444
92083,15002355
92626,14796165
92120,14775413
90706,14736200
93436,14668700
95376,14666820
92020,14637968
94546,14617825
94565,14606300
92201,14589150
95361,14458280
92071,14452369
92024,14327275
92530,14213820
92562,14166650
92111,14091950
94928,14076530
93711,14056870
92123,14015393
94545,13987285
91710,13985770
95307,13951230
91730,13935755
95678,13906806
93446,13898180
91761,13892513
95336,13888940
92399,13796410
95688,13665990
93940,13555550
94509,13512230
95405,13469665
90045,13420192
92647,13412305
92835,13359450
95822,13352240
95691,13135715
91745,13123300
91910,12842102
92243,12660910
92804,12648414
92683,12617056
91335,12614250
95301,12551270
92691,12488520
92660,12482032
91403,12471174
95815,12451008
94520,12446954
94583,12434194
94063,12401040
92840,12379355
93555,12322390
92069,12319615
91360,12289378
95820,12261770
96150,12249480
92591,12237135
94903,12218678
95403,12186400
90807,12173320
93422,12172560
93722,12158170
92507,12142900
92128,12121663
93906,12114230
90802,12060380
92544,11988730
92807,11960716
90505,11945191
90404,11939720
93637,11919715
90630,11814070
95242,11810470
92376,11745625
95648,11737646
95540,11681990
95476,11672180
91356,11640276
93420,11528840
94588,11507050
92374,11414770
92220,11400860
90048,11398625
94110,11356556
95819,11344172
91351,11308290
95642,11230030
90250,11212544
95382,11194930
92121,11166595
93010,11158204
90631,11119995
90731,11093020
95628,11088420
95062,11060080
96097,11059265
92677,11050864
91402,11046450
93313,10988430
94015,10924084
94513,10908820
93312,10902265
94609,10837330
95624,10791446
93552,10778590
92646,10752580
94954,10740800
94102,10669570
93311,10652463
92545,10647500
93105,10632930
90660,10622190
93644,10605880
95843,10571030
92879,10532715
90712,10445162
91325,10409270
94501,10380310
90211,10354957
91436,10342641
91304,10312150
95610,10307230
92311,10298410
92586,10282940
92801,10253188
92056,10252487
95677,10236220
95817,10213820
92407,10183290
90703,10155810
92505,10105096
95008,10090900
93535,10089920
92234,10082350
92110,10064805
92583,10055955
94806,10023355
92503,10002906
93635,9979110
90503,9975800
95503,9936600
92704,9932222
95337,9796860
92037,9696537
95060,9616840
95833,9604870
90710,9567450
91790,9557106
90815,9552980
92054,9549682
90713,9529940
94109,9526832
90650,9496396
92882,9490870
93291,9481944
92260,9453110
92346,9416440
90277,9393450
95660,9378400
95747,9315810
92354,9277230
92780,9260818
92154,9254690
94041,9223230
93304,9220235
92126,9194700
92117,9118210
94040,9112650
91405,9069992
92027,9064340
92630,9038200
95128,8994840
95437,8964680
92408,8952440
95020,8949090
90620,8906164
90720,8901888
90638,8871397
93662,8847400
90732,8836995
95961,8816030
90740,8772820
93444,8677680
95010,8668360
91364,8665520
90301,8665011
94801,8639570
94578,8638440
92504,8618890
95076,8616895
91911,8593800
91324,8551770
95019,8524710
92870,8453740
95023,8448960
95032,8432995
95682,8422279
90292,8415210
92253,8411892
95119,8398710
93561,8374580
92592,8372170
92211,8337410
93292,8324790
94087,8254370
91767,8250515
91401,8245390
90033,8245130
92270,8240632
92604,8161641
90035,8152750
94066,8136010
95124,8124627
94608,8120506
93063,8115380
94901,8113850
92649,8098580
92065,8085130
93955,8054750
93117,8006660
91941,7969640
91316,7968082
92627,7962550
91367,7960650
92115,7954440
94564,7952105
94118,7931950
93907,7925510
92595,7911940
95490,7899720
92584,7892100
90241,7882565
93101,7878852
91950,7876670
92026,7869480
94941,7817420
95035,7800595
94945,7780320
91344,7775808
90640,7762640
95811,7757645
90036,7736544
90007,7736320
92040,7728920
92101,7715070
92028,7708550
93401,7703645
90804,7701920
92315,7693200
91342,7688372
93705,7644900
92868,7643636
94523,7639636
91701,7632110
92225,7625510
91307,7594693
91702,7563435
94544,7557480
92806,7548100
94103,7497840
95521,7487860
95824,7472460
93703,7461320
96021,7441420
94589,7414850
92104,7408380
90247,7372070
95765,7366700
93033,7254735
92563,7250770
93060,7235490
95949,7220766
95519,7220210
94619,7215810
94577,7200270
92821,7179250
92008,7156610
94579,7151130
91709,7142430
92653,7140782
95472,7125446
92240,7114860
93036,7104730
94566,7062610
95409,7058710
92064,7026205
95831,7007020
91773,7005284
91504,7004960
93215,6995664
92692,6985532
92336,6971430
90501,6893538
91350,6862600
91740,6808810
92308,6796100
92673,6774562
95965,6771910
94510,6760112
95123,6757035
90025,6741662
94804,6707990
92509,6704070
90602,6692170
93023,6673160
94541,6661040
91321,6658365
94952,6632010
91423,6600270
92869,6579250
94559,6563200
93618,6548890
92618,6548725
91711,6544960
92886,6538494
94591,6513130
95118,6414700
92571,6413230
92203,6403580
94601,6392870
93455,6377660
93245,6348660
91754,6329650
92009,6281720
92227,6279320
91320,6278702
94530,6274820
93268,6255610
95367,6205910
95963,6205100
94070,6199790
92675,6167755
96093,6099130
95835,6089210
93238,6065000
92557,6046008
92411,6019170
92223,6007300
95003,5979090
95826,5860410
95037,5836920
93305,5823910
91741,5814580
92833,5791140
94112,5738220
92501,5731950
95616,5717600
92860,5715850
91977,5704890
93631,5704300
90808,5694490
90028,5686130
90805,5685970
95492,5674490
94521,5669690
95662,5665245
95363,5618790
95762,5614750
95841,5612100
90603,5602220
90069,5599310
91331,5588602
94561,5586050
93405,5584280
95126,5582120
93560,5559430
92084,5534720
96013,5517870
90034,5514410
96067,5498400
93240,5466550
90303,5461324
92865,5450090
95066,5440700
90210,5431568
92555,5420940
91801,5391430
92843,5386815
95357,5378830
90024,5365340
92078,5364659
91107,5353550
91340,5349895
91945,5347690
96161,5344550
90046,5335355
90403,5325100
92109,5306290
94117,5290250
90745,5285190
95828,5279270
95948,5278980
91902,5276990
93933,5242630
92058,5237420
92131,5236244
92108,5228265
93402,5209430
91361,5191690
93654,5183250
92113,5177220
93514,5173500
95050,5172754
93657,5155210
94401,5151800
91411,5151380
94536,5140410
94010,5132352
92867,5111320
95842,5093944
90813,5078795
93550,5038450
95632,5034330
91007,5024462
94122,5024310
95404,5022055
93706,5010035
94025,5005810
91723,4998980
91206,4994002
91764,4993900
92057,4987860
90016,4986730
91604,4979988
95954,4977160
95252,4973900
92656,4964875
95348,4929365
93505,4901780
93905,4900070
94044,4885640
92019,4880020
91722,4851510
90717,4851102
91302,4851000
92371,4850150
95726,4788930
92845,4756280
91803,4750650
92119,4727010
94612,4715026
90230,4698280
91762,4695340
90201,4691615
96101,4687440
93212,4684420
91750,4657240
95377,4655520
92508,4647190
93221,4647100
95988,4616520
90266,4603078
93041,4598090
91010,4588020
90240,4576220
94960,4569750
91106,4555020
96019,4538700
94526,4527540
90262,4514585
94403,4494635
90278,4494080
94402,4482500
90280,4477820
91607,4475799
91301,4462474
91506,4419830
93610,4417290
90680,4416280
90006,4413801
94019,4407580
90291,4381430
91765,4376485
95249,4373170
92629,4371652
92105,4358520
92570,4355350
95122,4344300
93923,4333857
93021,4304030
90022,4302989
95932,4258180
91606,4251953
91744,4248800
92802,4238360
90260,4225350
94519,4223760
91105,4218926
91104,4197670
95971,4197510
94061,4190900
90723,4152354
90623,4144070
92688,4140320
92532,4124785
93111,4099016
95407,4093730
95448,4089380
95223,4081840
92651,4073275
92887,4071390
91030,4067580
95222,4025390
95125,3996550
93449,3983024
94301,3982830
95618,3977920
92637,3976671
95746,3973770
96073,3966970
91748,3966842
94803,3958760
91345,3953890
95602,3951470
94568,3945710
94931,3901160
91006,3900290
91901,3899840
95620,3885380
94306,3866090
93210,3858500
95446,3856620
92706,3852614
91387,3839570
93012,3838000
92832,3831300
90049,3827975
95341,3809550
92881,3798065
90255,3795350
92264,3792770
95354,3777250
90095,3773480
94551,3751920
90220,3747280
91303,3734840
92129,3734555
92352,3732840
95129,3731910
90041,3702140
91362,3681510
91502,3670190
91352,3657120
91768,3654630
90744,3654250
95838,3647640
93013,3647310
94534,3630120
95425,3627650
91763,3609740
90803,3602930
95202,3593280
91311,3590800
92011,3572880
95338,3570000
92277,3563390
94123,3552960
90272,3549740
95665,3536220
93004,3523305
92831,3522890
91101,3492795
90023,3472860
91306,3463700
94605,3462280
90605,3458330
94621,3451637
90047,3446820
90601,3445100
95366,3438530
92124,3434900
92231,3428660
90670,3425900
95018,3402090
94124,3395400
91042,3323770
94304,3301860
92701,3290906
95206,3283230
93442,3282996
90017,3275732
90265,3269930
93728,3259860
90057,3242944
95127,3240900
91770,3238040
92694,3229950
90701,3226490
91406,3195512
91326,3192697
92317,3182090
95203,3180430
95320,3180380
94947,3176168
94404,3161414
94014,3161400
93950,3125730
90066,3124229
92081,3117992
94904,3117620
92102,3114180
91791,3112623
90008,3107780
92782,3095250
90026,3078000
92610,3074700
90020,3056870
92672,3047554
95829,3046818
91205,2994830
90405,2992800
92252,2979980
91204,2972565
91932,2963400
95864,2956960
95148,2955420
90039,2947250
90038,2940432
90245,2935530
96020,2917140
94597,2899860
90212,2894500
94517,2889030
92130,2878065
94547,2875520
92075,2871660
94121,2851360
95542,2849080
95014,2830820
95776,2828040
94602,2814300
94030,2798800
95326,2776810
94607,2772030
95953,2764700
90274,2745855
91915,2741240
91601,2734620
93458,2732650
91766,2730468
94585,2722380
95650,2719220
95030,2714480
91732,2712090
91103,2692200
93630,2692170
92122,2690210
92337,2668840
90059,2664210
93103,2648700
93501,2639330
95383,2635700
95116,2611860
95112,2586660
92118,2584880
90015,2566390
95386,2548340
93638,2539000
95565,2534780
90042,2534180
92236,2532805
94555,2530030
93015,2517540
90509,2506700
90044,2495760
94571,2491100
96022,2483580
90248,2482780
92116,2470580
91737,2462990
93702,2459330
90064,2456265
92551,2450420
92127,2449660
93001,2447260
90019,2427830
92602,2424610
95121,2421480
94116,2414480
95132,2409900
95324,2403450
95546,2403040
93110,2395770
95360,2388820
93263,2378620
95133,2369800
91202,2367015
91384,2359160
94132,2358990
95947,2353780
93930,2352850
95573,2349350
94539,2332680
90606,2325940
94574,2320090
96055,2319420
94503,2319330
94127,2316830
91724,2313770
92805,2287972
94134,2286670
92301,2282600
91752,2277880
92107,2272450
94506,2272290
90037,2265805
92014,2262550
90502,2258000
94704,2254140
94549,2250185
94705,2249540
95321,2247790
92313,2242870
92808,2227720
95212,2226240
92394,2223230
91001,2222530
90401,2209200
92363,2188620
94062,2184970
94560,2180960
90232,2177530
93109,2174620
94949,2162100
95818,2144830
95458,2143220
90254,2137110
93225,2129520
92844,2125810
93108,2125640
90061,2109620
95006,2105230
92590,2104398
91602,2094304
91020,2069125
91780,2065100
90004,2065060
95120,2065050
91214,2060517
95692,2051690
91792,2049910
94709,2038710
95640,2031180
94002,2024435
93428,2021120
93651,2008520
94507,2006640
90249,2001280
94606,1994850
93463,1975910
91731,1965975
93427,1949900
93960,1943930
93704,1938466
92707,1934160
92029,1920730
93307,1918700
94022,1908630
94563,1898475
95330,1886990
96094,1872750
93280,1851740
95111,1850190
90012,1842450
95138,1834080
94595,1826220
94706,1812670
95315,1791760
90504,1791214
92841,1774312
94133,1738460
94702,1726700
94505,1706830
91201,1689000
91011,1685630
93247,1683100
93546,1682880
95742,1678400
92106,1673480
92663,1671118
94703,1670480
93650,1661100
95814,1659690
94086,1653260
92320,1633620
92866,1631660
94043,1625200
90013,1624300
93927,1620390
94556,1606210
94610,1605380
90002,1598800
95304,1586490
92325,1578140
92703,1576610
90067,1575750
96122,1573000
94502,1559635
95209,1555620
91208,1554300
91343,1552805
90029,1551300
94939,1544500
95136,1540990
90043,1536870
92549,1535200
93286,1533200
92377,1532660
93721,1532324
92596,1518560
90755,1515890
94599,1501860
93620,1498120
91784,1488930
95073,1482930
91040,1476620
92210,1469450
92539,1453600
95237,1446960
94580,1442500
94107,1434183
90621,1418610
96143,1408230
92612,1403390
95722,1403170
92606,1396345
92883,1394950
94710,1393000
95461,1378690
90071,1369700
91381,1367710
90011,1362350
94024,1349730
95451,1339630
95219,1331735
95247,1325540
93433,1323300
90031,1316690
94965,1310500
94131,1296210
95946,1286630
93701,1283050
95468,1271880
95070,1244800
95987,1244010
90275,1222890
92582,1213140
93626,1210170
96041,1209850
91733,1197180
95135,1195480
90062,1193890
95379,1193100
95365,1189500
94108,1187510
95454,1181430
90814,1175600
94956,1164180
90221,1163220
91354,1158660
92679,1158020
93460,1154240
92093,1153383
91789,1142250
93223,1142000
96027,1135800
95536,1132400
95694,1130030
93241,1112190
90716,1107180
92620,1099910
93314,1096980
95322,1092150
95358,1078340
90746,1072748
96145,1071630
91203,1069950
94105,1049370
95460,1040810
91775,1014530
91108,1013000
94111,1006490
95959,988485
95381,987200
90304,978630
94925,977700
93203,976260
92251,972920
91776,972210
95973,952730
90010,941690
92625,934730
92173,925260
93510,922400
95130,919840
93625,900680
91739,896100
94707,893960
90001,887500
96028,862600
90604,856900
94104,855620
90005,852640
92082,849230
93622,844200
93926,830700
92614,806880
96039,797930
93430,787380
93204,787000
92861,767340
92410,751500
95436,739060
91390,736380
95334,728070
95054,719880
93271,711000
91003,706180
95669,688130
96118,681100
93656,674800
95467,665560
93465,647303
94143,644300
94065,631000
91746,628900
93434,627200
95685,623900
92114,623120
90014,599100
91024,597890
93609,591830
93648,578600
93250,562900
90704,559920
95110,550200
92067,550160
95113,546910
92250,545400
93545,542560
93921,532300
95236,525400
90222,522070
92603,520400
91913,515600
95221,515400
94515,512800
96137,511400
95445,501700
92139,500400
90065,498584
95827,489830
92657,485990
94518,476100
91210,464520
92004,464410
90293,459320
93640,457020
90270,444920
90063,430615
95757,419560
90402,418960
91605,399120
94618,391600
90715,390060
90077,376990
94582,375980
93646,374700
95046,346000
94514,340500
95012,329600
95673,328400
93235,316000
92661,303360
90302,274980
95134,261040
90040,243450
93730,227406
92803,221500
91906,221400
93636,219130
94805,217200
95713,205750
90058,198990
90032,192300
91914,178035
95415,176400
93106,174700
95832,171600
90089,158540
92254,148100
92401,141300
95131,141024
90305,122900
93660,116000
94303,109600
95929,106200
92182,106100
93615,104400
90003,85100
90021,81900
93407,72200
94920,71300
93035,71300
95389,68650
96146,53600
95671,51820
95192,49200
93740,49040
92521,45000
94942,44500
90748,43560
94305,43075
94542,42500
93456,40100
92624,39010
91008,35500
92003,33400
95065,29730
91207,29235
90702,28300
91377,24430
94930,24300
95936,21960
93243,19700
95696,19600
90094,18515
91330,17900
92055,16775
93908,15700
93265,15500
92662,15440
94085,14740
95310,13000
91962,12240
93725,12230
91935,12000
95567,11700
93424,11000
93539,10860
95631,10500
95215,10170
93647,8500
95604,8430
92715,8400
91501,8000
92247,7980
95646,7800
92834,7500
91978,7400
90822,7005
96062,6500
94125,6400
94027,6372
96162,6280
94923,6100
92405,5760
92515,5660
92350,5600
95001,5500
90290,5200
94038,5000
95327,4980
93022,4800
93924,4300
95319,4200
92669,4200
90073,4100
92375,3750
95139,3700
94592,3600
90018,3480
94552,3430
93920,3400
92091,3400
96056,3300
94720,3300
93409,3200
93619,3180
95258,3100
93234,3000
94963,3000
90742,3000
93604,3000
95465,2700
94060,2700
94028,2600
92036,2580
95709,2500
92587,2400
92378,2200
95449,2100
93024,2100
95033,2000
95690,2000
93529,1800
93602,1700
95619,1700
93009,1560
94964,1500
93219,1500
92609,1500
94970,1400
94128,1400
93614,1400
92007,1330
93922,1300
96009,1300
94130,1200
95005,1100
95558,1100
95562,1100
92276,1100
95634,1000
95450,1000
92261,1000
95614,1000
94940,1000
93516,900
96129,800
96052,800
95117,700
93451,700
92096,700
92585,700
92316,700
94951,600
95735,600
95683,600
94924,600
96088,600
92822,600
95497,600
93601,600
95053,600
95912,600
95686,600
95655,500
90068,500
95402,400
95693,400
92314,400
94938,400
96032,400
93067,300
95502,300
92179,270
93222,225
92623,200
95663,200
93380,200
94037,200
92023,200
93066,200
95368,200
95962,200
93643,200
95427,200
95426,200
92186,180
95570,100
95934,100
96064,100
95231,100
94005,100
92282,100
94567,100
96120,100
95736,100
93667,100
93944,100
90056,100
96103,100
