Geography,Total Population,Total Population of One Race,White,Black or African American
89010,31,31,18,0
89019,69,64,55,6
89060,30,28,27,0
89061,51,44,42,0
89439,80,79,78,0
90001,"57,110","54,985","20,509","6,133"
90002,"51,223","49,284","14,392","13,101"
90003,"66,266","63,750","19,878","16,181"
90004,"62,180","59,402","23,205","2,187"
90005,"37,681","35,997","10,953","2,007"
90006,"59,185","56,411","18,869","2,179"
90007,"40,920","38,741","15,849","4,547"
90008,"32,327","31,069","2,747","22,581"
90010,"3,800","3,709",884,167
90011,"103,892","99,508","35,138","9,764"
90012,"31,103","30,233","8,432","4,260"
90013,"11,772","11,263","4,386","3,810"
90014,"7,005","6,656","2,813","2,058"
90015,"18,986","18,116","6,711","1,334"
90016,"47,596","45,221","11,653","17,829"
90017,"23,768","22,477","8,266","1,430"
90018,"49,310","46,984","12,825","15,663"
90019,"64,458","61,350","19,321","15,249"
90020,"38,967","37,565","9,486","2,270"
90021,"3,951","3,806","1,620","1,242"
90022,"67,179","64,909","35,177",387
90023,"45,903","44,448","22,777",308
90024,"47,452","44,844","29,232","1,018"
90025,"42,147","39,862","27,257","1,185"
90026,"67,869","64,516","31,713","2,001"
90027,"45,151","43,095","31,535","1,412"
90028,"28,714","27,292","18,132","2,282"
90029,"38,617","36,719","16,947","1,232"
90031,"39,316","37,841","14,012",525
90032,"45,786","43,908","20,608","1,050"
90033,"48,852","46,914","22,458",926
90034,"57,964","54,813","28,752","6,105"
90035,"28,418","27,050","21,614","2,568"
90036,"36,865","35,481","24,801","2,148"
90037,"62,276","59,755","16,395","13,893"
90038,"28,917","27,452","14,888","1,224"
90039,"28,514","27,042","16,118",647
90040,"12,520","11,944","6,886",93
90041,"27,425","25,978","13,477",612
90042,"62,430","59,108","29,742","1,601"
90043,"44,789","42,867","4,923","29,500"
90044,"89,779","86,213","20,135","33,656"
90045,"39,480","37,084","24,136","5,605"
90046,"48,581","46,768","40,807","1,708"
90047,"48,606","46,950","5,734","31,915"
90048,"21,397","20,598","17,978",652
90049,"35,482","34,084","29,864",514
90056,"7,827","7,416","1,050","5,931"
90057,"44,998","42,609","12,924","2,087"
90058,"3,223","3,082","1,149",300
90059,"40,952","39,485","8,900","14,047"
90061,"26,872","25,893","5,794","10,026"
90062,"32,821","31,348","6,955","12,420"
90063,"55,758","53,895","27,064",398
90064,"25,403","24,106","17,703",670
90065,"45,527","43,207","22,180",917
90066,"55,277","52,383","34,522","2,120"
90067,"2,424","2,366","2,077",23
90068,"22,286","21,333","18,045","1,018"
90069,"20,483","19,790","17,482",612
90071,15,15,9,5
90073,539,533,257,240
90077,"9,377","8,986","7,929",142
90079,0,0,0,0
90089,"3,217","2,985","1,618",147
90090,0,0,0,0
90094,"5,464","5,114","3,124",621
90095,3,3,1,0
90201,"101,279","97,397","51,581","1,047"
90210,"21,741","20,789","18,845",378
90211,"8,434","7,957","6,551",204
90212,"11,555","10,989","9,354",308
90220,"49,328","47,634","11,333","19,621"
90221,"53,704","51,794","15,694","12,029"
90222,"31,869","30,933","9,260","9,727"
90230,"31,766","29,960","17,175","3,299"
90232,"15,149","14,185","9,201",981
90240,"25,876","24,902","15,311",659
90241,"42,399","40,697","24,320","1,357"
90242,"43,497","41,627","23,624","2,313"
90245,"16,654","15,697","12,997",337
90247,"47,487","45,330","12,027","8,935"
90248,"9,947","9,469","2,801","1,500"
90249,"26,669","25,478","7,866","8,082"
90250,"93,193","88,731","33,074","23,705"
90254,"19,506","18,688","16,928",229
90255,"75,066","72,293","39,323",512
90260,"34,924","32,947","15,696","3,205"
90262,"69,745","67,368","27,425","7,141"
90263,"1,612","1,509","1,125",98
90265,"18,116","17,532","16,145",322
90266,"35,135","33,516","29,686",290
90270,"27,372","26,206","14,234",162
90272,"22,986","22,295","20,682",173
90274,"25,209","24,234","18,527",347
90275,"41,804","39,815","25,803","1,016"
90277,"35,293","33,570","28,052",735
90278,"40,071","37,519","28,590","1,270"
90280,"94,396","90,868","47,645",890
90290,"6,368","6,103","5,692",84
90291,"28,341","27,048","21,817","1,491"
90292,"21,576","20,648","17,049","1,053"
90293,"12,132","11,479","9,220",692
90301,"36,568","35,055","11,201","11,826"
90302,"29,415","28,099","5,991","14,706"
90303,"26,176","25,111","6,449","9,097"
90304,"28,210","27,001","10,751","1,218"
90305,"14,853","14,357",817,"12,436"
90401,"6,722","6,420","5,085",383
90402,"12,250","11,857","10,714",125
90403,"24,525","23,453","20,398",461
90404,"21,360","20,272","13,956","1,689"
90405,"27,186","25,993","21,603",884
90501,"43,180","40,984","18,660","2,301"
90502,"18,010","17,125","6,223","1,269"
90503,"44,383","42,256","21,370","1,113"
90504,"32,102","29,843","13,272","1,247"
90505,"36,678","34,763","20,709",792
90506,0,0,0,0
90601,"31,974","30,332","19,625",426
90602,"25,777","24,695","15,216",388
90603,"20,063","19,230","14,889",180
90604,"39,407","37,683","25,098",714
90605,"40,331","38,670","24,171",496
90606,"32,396","31,188","18,956",338
90620,"45,113","42,643","23,395","1,419"
90621,"35,153","33,491","12,929","1,617"
90623,"15,554","14,897","5,747",796
90630,"47,993","45,616","26,056","1,458"
90631,"67,619","64,765","40,590","1,092"
90638,"49,012","46,883","29,785","1,105"
90640,"62,549","60,223","33,662",567
90650,"105,549","100,980","52,089","4,593"
90660,"62,928","60,594","37,403",601
90670,"14,866","14,261","8,805",334
90680,"29,945","28,661","13,576",714
90701,"16,591","15,995","6,462",592
90703,"49,399","47,533","11,463","3,428"
90704,"4,090","3,902","2,608",24
90706,"76,615","73,040","32,337","10,760"
90710,"25,457","24,035","10,657","3,390"
90712,"31,499","29,593","17,476","3,399"
90713,"27,925","26,293","19,351","1,293"
90715,"20,388","19,356","7,921","2,187"
90716,"14,184","13,630","6,413",542
90717,"21,318","19,992","12,598","1,116"
90720,"21,751","20,669","16,921",408
90723,"54,099","51,833","22,988","6,334"
90731,"59,662","55,710","34,816","4,369"
90732,"21,115","19,860","15,401",931
90740,"23,729","22,888","19,740",283
90742,831,799,738,4
90743,456,441,408,0
90744,"53,815","51,114","23,800","1,716"
90745,"57,251","54,385","15,234","4,454"
90746,"25,990","24,915","3,405","16,833"
90747,0,0,0,0
90755,"11,074","10,447","4,662","1,502"
90802,"39,347","37,014","19,727","6,656"
90803,"32,031","30,694","26,407",954
90804,"40,311","37,894","16,345","5,888"
90805,"93,524","89,020","29,180","19,318"
90806,"42,399","40,254","11,518","7,731"
90807,"31,481","29,584","15,405","5,248"
90808,"38,232","36,003","28,933","1,357"
90810,"36,735","34,858","10,065","4,542"
90813,"58,911","56,139","18,353","8,179"
90814,"19,131","17,968","12,901","1,452"
90815,"39,733","37,410","28,400","1,894"
90822,117,117,74,36
90831,0,0,0,0
91001,"36,126","33,930","17,588","9,783"
91006,"31,715","30,664","11,297",304
91007,"34,095","33,201","10,896",468
91008,"1,391","1,351",977,25
91010,"26,074","24,892","13,441","2,057"
91011,"20,280","19,586","13,982",109
91016,"40,598","38,549","24,321","2,631"
91020,"8,415","8,116","5,309",103
91024,"10,917","10,446","8,967",201
91030,"25,616","24,201","13,922",771
91040,"20,372","19,515","15,392",272
91042,"27,585","26,167","20,120",471
91046,156,147,133,0
91101,"20,460","19,517","10,826","1,670"
91103,"27,480","26,170","11,775","5,722"
91104,"36,751","34,770","22,148","4,011"
91105,"11,254","10,814","8,454",519
91106,"24,229","23,069","13,624","1,623"
91107,"32,940","31,343","20,165","1,778"
91108,"13,361","12,938","5,578",56
91201,"22,781","21,646","17,724",303
91202,"22,830","21,852","17,214",321
91203,"13,220","12,495","8,950",193
91204,"16,032","15,345","9,606",321
91205,"37,810","36,061","25,848",552
91206,"33,065","31,501","23,611",531
91207,"10,506","10,092","8,465",82
91208,"16,245","15,569","12,437",122
91210,328,325,179,8
91214,"30,356","29,170","19,838",188
91301,"25,488","24,577","21,657",333
91302,"25,709","24,746","21,795",438
91303,"26,855","25,536","13,058","1,134"
91304,"50,231","47,673","28,866","2,557"
91306,"45,061","42,666","22,146","2,083"
91307,"24,474","23,345","18,338",712
91311,"36,557","34,852","24,118","1,540"
91316,"26,898","25,338","21,373",994
91320,"44,274","42,427","34,249",570
91321,"34,882","33,423","22,645","1,050"
91324,"27,669","26,324","15,437","1,348"
91325,"32,417","30,733","18,721","1,849"
91326,"33,708","32,343","19,782","1,172"
91330,"2,702","2,523","1,132",713
91331,"103,689","99,510","46,024","3,462"
91335,"74,363","70,468","39,990","3,029"
91340,"34,188","32,874","16,998",669
91342,"91,725","87,958","45,803","4,570"
91343,"60,254","57,511","28,519","2,641"
91344,"51,747","49,389","32,636","1,797"
91345,"18,496","17,691","9,981",673
91350,"33,348","31,783","24,903",943
91351,"32,362","30,538","20,461","1,287"
91352,"47,807","45,890","24,825",861
91354,"28,722","27,389","20,612",922
91355,"32,605","31,188","25,009",908
91356,"29,458","27,924","22,804","1,267"
91360,"42,402","40,831","34,524",545
91361,"20,438","19,794","17,727",219
91362,"36,045","34,829","29,450",502
91364,"25,851","24,489","20,981","1,038"
91367,"39,499","37,520","29,153","1,824"
91371,1,1,1,0
91377,"13,811","13,373","11,473",141
91381,"20,158","19,217","12,752",687
91384,"29,855","28,598","17,228","2,842"
91387,"40,328","38,165","24,829","2,633"
91390,"19,786","18,826","15,613",582
91401,"39,285","37,522","25,645","1,864"
91402,"69,817","66,780","28,209","2,166"
91403,"23,484","22,459","18,645","1,191"
91405,"51,145","48,686","26,715","2,649"
91406,"51,558","48,704","28,887","2,774"
91411,"24,628","23,468","14,277","1,403"
91423,"30,991","29,691","24,792","1,601"
91436,"14,372","13,851","12,627",300
91501,"20,849","19,864","15,914",471
91502,"11,371","10,716","7,682",431
91504,"24,939","23,805","17,798",529
91505,"30,778","29,306","22,383",857
91506,"18,904","17,989","13,951",412
91601,"37,180","35,270","22,025","2,899"
91602,"17,473","16,629","13,420","1,122"
91604,"29,034","27,881","24,008","1,194"
91605,"56,343","53,753","27,562","1,933"
91606,"44,958","42,754","26,019","1,647"
91607,"27,927","26,694","21,181","1,470"
91608,0,0,0,0
91701,"38,976","37,047","27,931","2,220"
91702,"59,705","56,954","34,118","1,716"
91706,"76,571","73,701","33,808",926
91708,"3,369","3,146","1,531",557
91709,"74,796","71,138","38,033","3,415"
91710,"80,358","76,751","45,594","4,375"
91711,"35,705","33,840","25,232","1,685"
91722,"34,409","32,845","18,690","1,259"
91723,"18,275","17,371","10,831",784
91724,"26,184","24,924","16,279",938
91730,"66,925","63,330","37,844","7,614"
91731,"29,591","28,650","10,918",292
91732,"61,386","59,342","24,024",474
91733,"43,896","42,552","19,838",222
91737,"24,740","23,252","16,945","1,937"
91739,"34,794","32,842","19,765","3,479"
91740,"25,356","24,037","17,437",682
91741,"25,824","24,687","20,992",264
91744,"85,040","82,052","41,324","1,353"
91745,"54,013","52,269","21,864",743
91746,"30,485","29,443","15,713",474
91748,"45,406","44,001","10,468",683
91750,"33,249","31,745","24,659","1,236"
91752,"30,047","28,621","16,190","1,785"
91754,"32,742","31,711","7,112",161
91755,"27,496","26,783","4,559",91
91759,476,468,435,1
91761,"56,913","54,260","28,903","4,089"
91762,"55,857","53,390","30,737","2,728"
91763,"36,375","34,780","19,140","1,902"
91764,"54,086","51,424","25,750","3,813"
91765,"46,457","44,601","15,686","2,057"
91766,"71,599","68,593","32,984","3,799"
91767,"48,068","45,811","23,622","4,640"
91768,"34,537","32,851","17,335","2,541"
91770,"62,097","60,614","13,668",357
91773,"33,119","31,483","23,804","1,078"
91775,"23,988","23,134","9,315",334
91776,"38,475","37,484","7,889",389
91780,"34,332","33,331","11,732",286
91784,"25,938","24,959","19,387","1,002"
91786,"51,165","48,482","31,742","4,465"
91789,"43,079","41,550","11,374","1,219"
91790,"44,907","42,943","20,956","1,685"
91791,"32,414","31,051","16,170","1,406"
91792,"30,854","29,402","8,948","1,764"
91801,"52,735","50,845","14,439",919
91803,"30,322","29,306","9,082",362
91901,"17,403","16,802","14,919",221
91902,"17,653","16,709","11,597",612
91905,"1,700","1,626","1,274",55
91906,"3,627","3,448","2,696",128
91910,"75,802","71,690","43,811","3,354"
91911,"82,999","78,620","45,228","3,206"
91913,"40,971","38,277","19,016","2,406"
91914,"15,448","14,376","7,928",710
91915,"24,659","22,912","12,372","1,466"
91916,"1,622","1,591","1,458",10
91917,992,954,710,12
91931,592,574,517,0
91932,"25,718","23,980","16,128","1,016"
91934,737,697,543,5
91935,"8,624","8,280","7,470",121
91941,"31,779","29,958","23,398","2,308"
91942,"38,069","36,011","28,372","2,572"
91945,"25,460","23,640","13,122","3,530"
91948,78,78,76,0
91950,"60,322","57,417","25,613","3,022"
91962,"1,646","1,585","1,522",6
91963,"1,118","1,077",621,2
91977,"58,368","54,130","29,126","7,372"
91978,"8,896","8,360","5,772",790
91980,165,163,87,0
92003,"4,746","4,523","3,790",76
92004,"3,881","3,780","3,113",22
92007,"10,429","10,070","9,119",43
92008,"27,649","26,561","23,143",380
92009,"40,747","39,077","34,003",501
92010,"14,382","13,685","11,508",237
92011,"22,405","21,483","18,425",260
92014,"13,154","12,776","11,758",73
92019,"42,598","40,344","34,276","1,513"
92020,"57,767","53,859","40,938","3,563"
92021,"65,068","60,952","47,066","3,561"
92024,"49,121","47,444","41,977",318
92025,"49,978","47,766","29,165","1,197"
92026,"48,922","46,888","32,805","1,241"
92027,"53,881","51,611","32,592","1,220"
92028,"46,239","44,378","33,378",659
92029,"19,021","18,262","14,899",293
92036,"3,440","3,370","3,081",39
92037,"46,781","44,951","35,693",557
92040,"41,281","39,359","34,485",597
92054,"40,375","38,149","27,495","1,532"
92055,"15,655","15,290","13,234",979
92056,"51,835","49,027","36,886","1,874"
92057,"54,096","50,662","33,318","3,175"
92058,"42,436","39,343","26,360","3,222"
92059,"1,618","1,453",423,25
92060,218,209,201,0
92061,"2,499","2,422","1,178",13
92064,"47,904","45,823","36,853",783
92065,"35,414","34,166","29,355",262
92066,378,360,326,10
92067,"9,535","9,301","8,623",60
92069,"46,369","44,153","27,203","1,086"
92070,"1,245","1,214",738,7
92071,"53,422","50,529","44,086","1,057"
92075,"12,056","11,637","10,322",53
92078,"42,906","40,728","30,744",921
92081,"27,404","25,879","19,760",995
92082,"19,037","18,110","13,111",120
92083,"36,975","35,044","21,302","1,217"
92084,"47,654","45,331","31,854","1,308"
92086,"1,573","1,524","1,269",25
92091,"1,048","1,026",974,5
92101,"37,095","35,456","26,077","3,491"
92102,"43,267","41,301","19,177","4,624"
92103,"31,066","29,880","25,721",863
92104,"44,414","41,897","27,283","4,117"
92105,"69,813","66,606","22,043","9,975"
92106,"19,330","18,573","16,575",532
92107,"28,651","27,545","25,147",505
92108,"18,858","17,818","13,188","1,143"
92109,"45,787","44,088","39,611",618
92110,"25,341","23,957","19,497","1,296"
92111,"45,096","42,457","25,103","2,595"
92113,"56,066","53,694","21,202","7,575"
92114,"65,433","61,766","15,923","15,324"
92115,"58,560","55,240","32,298","6,461"
92116,"31,680","29,971","21,563","2,610"
92117,"51,332","48,477","37,205","1,091"
92118,"23,575","22,666","19,253","1,544"
92119,"23,057","21,959","18,823",884
92120,"26,317","25,029","21,153",985
92121,"4,179","3,974","2,354",57
92122,"43,728","41,899","26,038",684
92123,"26,823","24,889","16,463","2,442"
92124,"30,443","28,009","21,056","2,005"
92126,"73,343","68,759","28,217","3,372"
92127,"39,337","37,084","24,340",977
92128,"47,490","45,346","32,976","1,080"
92129,"51,536","48,455","29,971","1,326"
92130,"48,940","46,869","33,372",417
92131,"32,787","31,156","22,384",734
92132,0,0,0,0
92134,198,182,115,30
92135,571,549,449,60
92139,"35,125","32,740","10,646","4,751"
92140,"3,435","3,299","2,782",148
92145,"1,449","1,351",765,71
92147,559,541,432,59
92154,"79,708","75,677","38,684","4,567"
92155,550,525,371,74
92173,"29,429","28,396","17,165",434
92201,"61,827","59,736","35,786","1,466"
92203,"25,605","24,720","18,551",599
92210,"4,677","4,626","4,459",26
92211,"24,294","23,801","21,324",440
92220,"31,638","30,037","20,229","2,205"
92222,45,44,25,0
92223,"43,605","41,471","28,877","2,344"
92225,"24,310","23,529","14,691","3,326"
92227,"26,234","25,186","14,351",519
92230,"2,550","2,399","1,762",137
92231,"39,073","37,409","23,466",137
92233,"8,099","7,855","3,428","1,628"
92234,"51,151","48,998","32,490","1,344"
92236,"41,083","40,006","19,752",317
92239,223,212,175,1
92240,"34,722","33,113","20,594","2,360"
92241,"8,803","8,583","6,531",114
92242,"1,539","1,462","1,325",18
92243,"48,030","45,622","29,344","1,205"
92249,"7,334","6,897","4,127",49
92250,"8,285","8,043","5,421",43
92251,"21,583","20,659","13,752","1,900"
92252,"9,647","9,116","8,097",281
92253,"37,262","36,049","29,388",701
92254,"12,768","12,393","4,373",74
92256,"3,588","3,446","3,107",41
92257,"2,326","2,242","1,610",91
92258,861,836,398,62
92259,390,387,360,1
92260,"31,753","30,967","25,963",498
92262,"26,179","25,267","18,429","1,552"
92264,"19,383","18,860","16,043",455
92266,234,218,179,2
92267,126,126,118,0
92268,574,556,539,8
92270,"17,220","16,882","15,269",256
92273,"1,823","1,655",743,24
92274,"19,801","19,249","8,147",119
92275,"1,506","1,459","1,038",40
92276,"7,585","7,375","5,640",104
92277,"23,911","22,162","17,161","1,877"
92278,"3,846","3,713","2,975",257
92280,14,13,8,3
92281,"2,432","2,354","1,156",21
92282,"1,239","1,194",922,52
92283,"3,158","2,964","1,187",54
92284,"25,095","24,115","21,100",715
92285,"2,632","2,552","2,315",24
92301,"32,725","30,910","14,588","6,556"
92304,17,10,5,0
92305,535,517,460,1
92307,"37,630","35,665","26,584","3,316"
92308,"39,837","37,857","27,818","3,292"
92309,763,740,320,1
92310,"8,845","8,108","5,481","1,086"
92311,"31,894","29,595","18,009","3,740"
92313,"12,025","11,398","7,905",669
92314,"10,162","9,743","8,426",72
92315,"5,094","4,927","4,274",22
92316,"30,830","29,570","16,336","1,326"
92320,"7,788","7,555","6,709",88
92321,"1,522","1,453","1,301",3
92322,"1,257","1,174","1,099",4
92324,"56,505","53,649","25,134","5,186"
92325,"9,391","8,893","8,097",103
92327,632,609,475,8
92328,445,439,402,7
92332,65,63,42,2
92333,472,463,452,0
92335,"95,397","91,100","46,362","4,567"
92336,"88,419","83,847","40,973","11,702"
92337,"37,849","36,089","18,172","4,017"
92338,12,12,10,0
92339,885,825,774,5
92341,410,398,383,0
92342,"6,379","6,126","5,078",342
92344,"20,769","19,819","12,923","1,415"
92345,"78,715","74,919","49,341","4,084"
92346,"54,923","51,952","31,277","6,458"
92347,"1,692","1,627","1,158",49
92352,"8,004","7,714","6,995",65
92354,"21,559","20,427","9,975","1,822"
92356,"6,455","6,169","4,986",199
92358,707,673,610,6
92359,"8,103","7,710","5,734",382
92363,"5,321","4,977","3,876",100
92364,90,86,68,2
92365,"2,637","2,518","2,057",78
92368,"1,113","1,054",728,24
92371,"16,763","16,016","12,514",312
92372,"6,220","5,936","5,143",54
92373,"33,423","31,863","24,894","1,431"
92374,"40,267","38,169","25,506","2,530"
92376,"81,516","77,740","35,328","12,609"
92377,"19,989","18,988","9,041","4,235"
92378,183,177,144,2
92382,"5,268","4,965","4,666",29
92384,36,35,32,1
92385,313,305,274,9
92386,"2,270","2,139","1,934",11
92389,156,137,125,1
92391,"2,534","2,413","2,114",17
92392,"54,858","51,594","28,732","7,762"
92394,"33,237","31,102","14,704","7,159"
92395,"42,400","39,683","23,285","5,320"
92397,"4,894","4,710","4,431",42
92398,"1,379","1,313","1,039",38
92399,"52,606","50,452","41,907",912
92401,"1,932","1,831",687,431
92404,"58,271","55,096","27,430","9,126"
92405,"28,873","27,336","13,269","3,813"
92407,"56,689","53,604","27,906","7,472"
92408,"15,271","14,512","5,699","2,000"
92410,"49,410","47,067","21,276","6,316"
92411,"26,214","25,160","10,102","4,626"
92501,"20,970","19,872","11,604","2,028"
92503,"84,519","80,593","46,286","4,167"
92504,"53,778","50,946","33,679","3,239"
92505,"47,672","45,332","25,595","2,813"
92506,"44,001","41,953","32,394","2,446"
92507,"58,002","54,986","25,657","6,055"
92508,"35,000","33,014","21,644","3,070"
92509,"75,196","71,796","39,329","2,827"
92518,"1,162","1,125",814,171
92530,"50,216","47,274","30,857","2,005"
92532,"18,644","17,553","11,530","1,197"
92536,"3,810","3,655","3,235",35
92539,"4,734","4,554","3,692",47
92543,"33,555","31,811","21,703","2,089"
92544,"44,734","42,632","33,317","1,756"
92545,"39,457","37,397","27,674","2,458"
92548,"6,643","6,337","4,225",137
92549,"3,926","3,777","3,481",32
92551,"30,815","29,081","11,420","5,940"
92553,"73,722","69,663","29,407","12,025"
92555,"39,076","36,819","16,435","7,906"
92557,"50,320","47,285","24,089","9,034"
92561,"1,661","1,620","1,450",13
92562,"62,079","58,601","46,093","2,691"
92563,"53,892","50,234","34,467","3,717"
92567,"9,459","9,025","5,840",133
92570,"53,697","51,470","27,078","4,194"
92571,"52,516","49,855","21,396","6,678"
92582,"15,649","14,729","8,526","1,298"
92583,"30,236","28,609","17,817","1,646"
92584,"43,400","40,853","29,935","2,538"
92585,"17,797","16,896","11,091",862
92586,"19,815","19,167","15,873",992
92587,"16,675","16,003","13,748",299
92590,"3,660","3,501","2,692",55
92591,"38,272","36,218","27,472","1,661"
92592,"72,492","68,140","52,123","2,687"
92595,"29,851","28,250","21,051","1,018"
92596,"23,172","21,679","15,101","1,457"
92602,"22,871","21,543","9,735",449
92603,"20,184","19,191","11,650",149
92604,"26,853","25,592","15,787",435
92606,"21,495","20,225","9,131",470
92610,"11,248","10,595","7,822",191
92612,"27,522","26,030","14,991",537
92614,"24,748","23,147","13,176",476
92617,"14,044","13,212","5,969",248
92618,"16,366","15,512","8,599",308
92620,"38,486","36,396","18,286",650
92624,"7,248","6,983","6,075",52
92625,"12,478","12,201","11,432",48
92626,"49,341","46,877","33,740",964
92627,"61,510","58,803","42,334",681
92629,"25,756","24,964","22,331",240
92630,"59,182","56,543","41,196","1,020"
92637,"16,012","15,810","13,950",109
92646,"55,224","52,856","44,707",418
92647,"57,245","54,279","38,390",836
92648,"45,317","43,396","36,333",335
92649,"32,463","31,081","26,428",228
92651,"23,881","23,200","21,723",189
92653,"29,291","27,906","21,252",404
92655,"8,337","8,069","2,773",66
92656,"49,046","46,274","35,405",982
92657,"9,741","9,269","7,394",45
92660,"34,797","33,794","30,251",276
92661,"3,744","3,660","3,479",31
92662,"2,756","2,722","2,652",11
92663,"21,649","21,025","19,147",200
92672,"34,464","33,321","29,518",229
92673,"29,309","28,151","25,299",197
92675,"34,731","33,519","26,775",193
92676,"1,945","1,869","1,736",3
92677,"63,297","60,490","50,894",782
92678,494,476,441,5
92679,"32,611","31,287","27,876",354
92683,"89,747","86,522","32,090",850
92688,"43,792","41,611","33,351",852
92691,"47,582","45,396","37,981",627
92692,"47,222","45,069","37,565",613
92694,"21,944","20,706","17,031",311
92701,"53,908","51,919","26,567",781
92703,"65,445","63,240","27,148",973
92704,"88,123","84,865","36,261","1,300"
92705,"44,706","43,183","31,442",627
92706,"36,457","35,073","19,194",552
92707,"59,492","57,397","27,651",769
92708,"56,004","53,648","31,422",541
92780,"57,741","55,186","31,326","1,379"
92782,"23,032","21,756","12,552",393
92801,"62,068","59,196","28,924","2,437"
92802,"42,709","40,989","20,727","1,166"
92804,"85,914","82,056","40,012","2,786"
92805,"70,401","67,497","36,024","1,212"
92806,"37,173","35,554","20,272",981
92807,"36,171","34,523","25,576",737
92808,"20,039","19,082","13,641",377
92821,"35,533","33,963","24,172",495
92823,"3,613","3,457","2,093",45
92831,"34,204","32,408","19,864","1,036"
92832,"24,752","23,588","14,181",612
92833,"51,767","49,875","22,399","1,041"
92835,"24,010","23,092","16,119",432
92840,"54,083","52,045","22,911",778
92841,"32,845","31,609","13,053",503
92843,"45,214","43,773","14,336",462
92844,"24,307","23,603","5,900",284
92845,"16,333","15,557","12,743",169
92860,"27,198","26,329","20,742","1,893"
92861,"5,781","5,612","4,524",42
92865,"19,704","18,893","12,513",352
92866,"14,885","14,319","10,576",206
92867,"44,515","42,698","30,970",516
92868,"25,404","24,359","15,363",762
92869,"37,184","35,845","25,143",416
92870,"52,033","49,971","32,524",942
92879,"46,745","44,229","24,677","3,388"
92880,"58,763","55,756","27,955","4,909"
92881,"30,991","29,453","20,499","1,831"
92882,"67,917","64,659","40,144","2,755"
92883,"29,301","27,592","19,351","1,916"
92886,"46,564","44,831","35,555",594
92887,"20,006","19,092","14,665",271
93001,"32,990","31,255","24,227",470
93003,"50,474","47,842","39,542",854
93004,"29,149","27,685","22,201",473
93010,"42,901","40,876","32,328",927
93012,"34,617","33,075","26,581",542
93013,"16,091","15,504","11,967",128
93015,"17,334","16,412","9,996",88
93021,"36,422","34,735","27,398",545
93022,"6,106","5,888","5,029",20
93023,"20,589","19,958","17,754",112
93030,"59,372","56,642","27,993","1,931"
93033,"82,728","79,314","35,487","1,850"
93035,"27,732","26,309","18,161",896
93036,"41,691","39,567","21,482","1,222"
93040,"2,031","1,926","1,043",19
93041,"23,641","22,180","13,760","1,246"
93042,56,56,44,5
93043,333,319,213,32
93060,"32,811","31,582","20,987",176
93063,"54,366","51,975","42,170",730
93064,40,38,30,0
93065,"72,508","69,040","53,726","1,047"
93066,"3,102","3,018","2,437",22
93067,895,862,795,2
93101,"31,683","30,256","22,099",563
93103,"20,249","19,510","14,116",380
93105,"24,815","24,028","20,998",231
93108,"11,112","10,847","10,254",62
93109,"10,858","10,436","9,270",126
93110,"16,829","16,200","13,123",335
93111,"17,370","16,733","13,755",173
93117,"53,217","50,435","35,736","1,045"
93201,"1,348","1,313",539,24
93202,"4,143","3,896","2,013",104
93203,"20,938","20,050","11,111",203
93204,"15,529","15,179","6,067","1,625"
93205,"2,113","2,026","1,900",4
93206,"2,300","2,241",887,43
93207,263,259,251,0
93208,104,102,98,0
93210,"19,504","18,879","11,169","1,858"
93212,"26,079","25,403","9,473","3,773"
93215,"55,659","53,617","20,291","4,239"
93218,994,962,496,4
93219,"10,194","9,783","3,781",90
93220,211,209,94,0
93221,"14,945","14,417","10,827",92
93222,"2,099","2,029","1,878",26
93223,"10,604","10,153","5,299",60
93224,451,438,401,4
93225,"5,077","4,878","4,431",29
93226,282,269,238,4
93230,"65,264","61,828","41,063","3,022"
93234,"6,987","6,677","2,354",66
93235,"4,559","4,413","2,041",19
93238,"1,490","1,409","1,344",1
93239,"1,688","1,616",559,6
93240,"6,056","5,763","5,398",19
93241,"17,489","16,736","7,746",133
93242,"3,468","3,358","2,200",9
93243,"1,699","1,594","1,334",20
93244,534,505,461,0
93245,"37,412","34,779","22,194","2,452"
93247,"17,423","16,786","10,155",107
93249,"2,739","2,694",241,5
93250,"13,522","13,036","5,837",240
93251,270,263,191,4
93252,"4,176","4,100","3,521",255
93254,811,775,626,7
93255,614,567,537,4
93256,"5,753","5,551","2,498",171
93257,"75,004","71,662","44,607",824
93258,"2,046","2,007","1,404",1
93260,200,194,184,1
93261,"3,099","2,997","1,150",20
93262,63,60,43,2
93263,"19,582","18,838","9,581",241
93265,"3,699","3,573","3,254",32
93266,"1,587","1,545",737,21
93267,"6,237","6,001","3,579",29
93268,"16,897","16,263","12,347",213
93270,"5,837","5,713","3,227",33
93271,"2,276","2,208","2,062",7
93272,"3,583","3,492","2,256",4
93274,"69,721","66,515","43,438","2,434"
93276,161,151,149,0
93277,"50,607","48,182","35,569","1,101"
93280,"27,152","26,283","13,343","1,968"
93283,"2,040","1,933","1,802",2
93285,"2,536","2,445","2,336",6
93286,"9,548","9,156","5,326",65
93287,119,113,103,0
93291,"52,849","50,582","30,130","1,008"
93292,"39,032","37,367","26,026",726
93301,"12,248","11,613","7,314","1,493"
93304,"48,731","46,171","22,806","6,095"
93305,"37,601","35,772","18,397","2,241"
93306,"64,587","61,633","38,506","2,426"
93307,"82,658","79,016","37,021","6,796"
93308,"52,447","50,389","43,174","1,004"
93309,"58,409","55,514","34,791","6,218"
93311,"40,829","38,797","24,768","2,396"
93312,"56,741","54,202","42,063","1,440"
93313,"43,553","41,286","22,570","3,201"
93314,"22,393","21,466","17,468",455
93401,"28,033","27,007","24,225",310
93402,"14,318","13,838","12,339",80
93405,"35,440","34,078","27,153","2,892"
93410,0,0,0,0
93420,"28,413","27,199","24,562",218
93422,"31,375","30,248","27,244",600
93424,"1,261","1,238","1,180",6
93426,"1,401","1,341","1,203",9
93427,"5,505","5,256","4,447",46
93428,"6,314","6,150","5,418",18
93429,154,141,107,3
93430,"2,972","2,881","2,719",7
93432,"1,384","1,347","1,209",11
93433,"13,162","12,460","9,973",145
93434,"7,110","6,664","3,409",75
93436,"54,017","50,955","34,909","2,814"
93437,"3,338","3,021","2,317",307
93440,"2,058","2,011","1,795",10
93441,"1,530","1,500","1,347",12
93442,"10,789","10,472","9,402",48
93444,"19,244","18,414","14,485",199
93445,"7,173","6,857","4,992",62
93446,"43,714","42,076","35,531",718
93449,"7,657","7,450","6,974",50
93450,740,712,352,8
93451,"3,779","3,644","2,918",77
93452,524,511,324,4
93453,"2,899","2,777","2,507",14
93454,"36,448","34,560","22,232",615
93455,"41,684","39,792","32,547",710
93458,"55,431","52,656","28,405",796
93460,"5,255","5,079","4,530",26
93461,"1,623","1,575","1,062",43
93463,"7,646","7,438","6,529",46
93465,"9,153","8,885","8,213",49
93501,"5,467","5,168","3,313",675
93505,"14,038","13,249","9,133","2,141"
93510,"7,993","7,723","6,722",131
93512,277,272,196,1
93513,"1,763","1,698","1,193",4
93514,"13,857","13,437","10,600",84
93516,"2,299","2,193","1,787",164
93517,670,647,569,1
93518,"1,146","1,084","1,001",6
93519,101,94,74,2
93522,48,47,43,0
93523,"3,074","2,851","2,360",175
93524,229,213,137,50
93526,719,681,539,6
93527,"2,387","2,289","2,078",27
93528,172,164,152,2
93529,633,625,538,0
93530,47,47,45,0
93531,509,498,455,2
93532,"2,932","2,825","2,472",109
93534,"39,341","37,179","19,639","8,618"
93535,"72,046","68,181","33,735","15,070"
93536,"70,918","67,399","42,582","10,204"
93541,449,431,331,0
93543,"13,033","12,436","7,832",837
93544,"1,259","1,207",948,51
93545,"2,082","1,985","1,379",6
93546,"9,567","9,294","7,815",33
93549,344,322,245,0
93550,"74,929","70,882","34,162","11,424"
93551,"50,798","48,045","31,570","5,720"
93552,"38,158","36,277","16,997","6,113"
93553,"2,138","2,050","1,627",82
93554,72,71,64,0
93555,"32,560","30,783","25,722","1,193"
93558,125,113,101,0
93560,"18,910","17,679","11,825","1,502"
93561,"34,630","33,412","27,029","1,570"
93562,"1,818","1,709","1,472",69
93563,388,379,299,39
93591,"7,285","6,871","4,071",841
93592,64,61,56,0
93601,"1,909","1,799","1,722",6
93602,"3,862","3,703","3,279",21
93603,222,214,194,4
93604,674,660,614,4
93605,175,168,158,1
93606,"1,217","1,163",428,4
93608,"1,114","1,076",548,7
93609,"5,640","5,443","3,040",32
93610,"23,833","22,911","14,678","2,505"
93611,"45,614","43,543","33,542",957
93612,"35,351","33,461","23,574","1,289"
93614,"11,661","11,180","10,335",69
93615,"6,042","5,835","2,944",57
93616,"2,627","2,555","1,299",13
93618,"28,262","27,218","15,148",183
93619,"28,965","27,753","22,288",514
93620,"9,591","9,175","6,506",359
93621,464,435,350,5
93622,"9,581","9,268","5,838",81
93623,69,68,67,0
93624,"1,134","1,114",416,7
93625,"7,313","6,964","3,560",123
93626,"1,359","1,266","1,155",7
93627,123,120,64,7
93628,327,317,307,2
93630,"19,162","18,279","10,017",86
93631,"15,941","15,321","11,780",87
93633,25,25,25,0
93634,33,30,24,0
93635,"38,776","36,850","23,022","1,388"
93636,"11,908","11,527","9,656",163
93637,"37,743","36,043","21,400","1,238"
93638,"49,068","46,967","23,815","1,549"
93640,"11,880","11,440","6,193",115
93641,595,582,525,22
93643,"3,171","2,985","2,434",32
93644,"8,637","8,340","7,853",38
93645,318,313,284,0
93646,"10,557","10,165","4,694",79
93647,"11,874","11,455","5,479",79
93648,"15,719","15,189","7,888",88
93650,"4,055","3,832","1,667",250
93651,"1,674","1,600","1,494",8
93652,415,403,163,5
93653,"1,229","1,175","1,075",23
93654,"29,776","28,580","17,760",205
93656,"6,313","6,018","3,479",108
93657,"34,999","33,811","22,198",284
93660,"4,675","4,517","2,355",37
93662,"30,237","29,056","16,807",332
93664,585,578,561,0
93665,472,467,184,43
93666,692,670,258,0
93667,"2,604","2,476","2,150",12
93668,"1,118","1,082",705,9
93669,295,269,254,0
93673,713,690,302,1
93675,"3,721","3,550","3,174",36
93701,"12,529","11,923","4,534",742
93702,"48,607","46,422","17,730","2,080"
93703,"31,868","30,443","12,806","2,191"
93704,"27,156","25,695","17,493","1,325"
93705,"36,703","34,721","18,635","3,730"
93706,"41,087","39,361","14,861","7,309"
93710,"30,202","28,624","18,712","2,535"
93711,"36,731","35,181","27,213","1,730"
93720,"45,191","43,027","32,471","1,670"
93721,"6,959","6,770","4,321",865
93722,"76,448","72,010","37,089","7,624"
93723,"9,547","9,123","5,059",379
93725,"24,979","24,019","10,171","1,374"
93726,"40,705","38,628","19,479","3,467"
93727,"71,820","68,526","32,778","4,708"
93728,"15,743","14,832","8,529",886
93730,"9,941","9,567","7,437",171
93901,"26,863","25,303","15,587",649
93905,"61,087","58,645","25,495",659
93906,"59,461","56,088","26,674","1,505"
93907,"21,726","20,398","13,142",369
93908,"13,043","12,481","10,374",119
93920,"1,369","1,338","1,171",6
93921,"3,281","3,218","3,070",11
93923,"12,073","11,782","11,043",55
93924,"6,279","6,114","5,735",36
93925,"1,671","1,647",677,6
93926,"8,726","8,347","3,709",87
93927,"17,547","16,831","6,629",188
93928,506,491,356,58
93930,"15,866","15,148","8,139",186
93932,592,571,468,10
93933,"22,406","20,171","10,564","1,745"
93940,"31,615","30,010","24,937",821
93943,6,5,4,0
93950,"15,046","14,380","12,712",199
93953,"4,509","4,420","3,920",43
93954,302,277,136,0
93955,"33,359","30,739","16,201","2,796"
93960,"27,080","26,269","13,319","2,949"
93962,673,652,483,0
94002,"25,992","24,406","17,555",424
94005,"4,282","3,986","2,578",80
94010,"40,737","38,862","27,523",403
94014,"47,014","44,615","11,703","1,625"
94015,"60,927","57,956","14,622","2,155"
94019,"18,424","17,730","14,142",138
94020,"1,559","1,471","1,374",17
94021,192,177,169,2
94022,"18,500","17,782","13,136",96
94024,"22,385","21,369","15,503",110
94025,"40,526","38,663","28,775","1,659"
94027,"7,089","6,867","5,705",75
94028,"6,534","6,355","5,842",24
94030,"21,536","20,588","10,181",179
94037,"2,913","2,768","2,490",16
94038,"3,040","2,912","2,236",24
94040,"32,996","31,416","18,320",599
94041,"13,292","12,598","7,964",297
94043,"28,358","26,783","15,643",867
94044,"37,296","34,654","24,218",976
94060,"1,554","1,501",985,16
94061,"36,245","34,375","23,544",804
94062,"25,876","24,736","21,134",286
94063,"30,949","29,229","14,222",888
94065,"11,359","10,720","6,138",211
94066,"41,130","38,427","20,351",942
94070,"29,166","27,684","23,132",233
94074,214,210,188,1
94080,"63,975","60,105","23,892","1,625"
94085,"21,247","20,221","8,470",421
94086,"45,697","43,606","18,166","1,122"
94087,"54,293","51,904","25,609",777
94089,"19,245","18,365","8,065",435
94102,"31,176","29,707","14,147","4,343"
94103,"27,170","25,699","12,796","2,980"
94104,406,400,140,12
94105,"5,846","5,594","3,313",131
94107,"26,599","25,357","15,753","1,792"
94108,"13,768","13,394","4,860",256
94109,"55,984","53,528","33,289","2,218"
94110,"69,333","64,903","40,545","2,547"
94111,"3,713","3,628","2,140",82
94112,"79,407","75,878","20,978","3,313"
94114,"31,124","29,649","24,757",600
94115,"33,021","31,533","20,059","4,122"
94116,"43,698","42,034","16,634",503
94117,"39,169","36,981","28,864","2,409"
94118,"38,319","36,582","21,411",640
94121,"41,203","39,361","18,873",707
94122,"56,023","53,673","24,077",828
94123,"23,088","22,397","19,469",175
94124,"33,996","32,250","4,102","11,456"
94127,"19,289","18,233","11,646",649
94128,69,62,39,6
94129,"3,183","2,970","2,550",69
94130,"2,880","2,585","1,011",724
94131,"26,881","25,377","18,080","1,233"
94132,"28,129","26,644","11,128","2,422"
94133,"26,237","25,542","10,863",579
94134,"40,798","39,129","6,620","3,903"
94158,"4,792","4,545","2,280",177
94301,"16,995","16,289","12,896",332
94303,"45,467","43,376","18,112","4,954"
94304,"3,627","3,511","2,380",69
94305,"13,862","12,789","7,973",651
94306,"26,469","25,332","16,035",552
94401,"34,429","32,332","16,520","1,226"
94402,"23,981","22,676","16,381",285
94403,"39,642","37,428","24,065",778
94404,"33,749","32,052","15,817",636
94501,"60,212","55,791","31,257","4,350"
94502,"13,600","12,756","6,203",409
94503,"19,681","18,391","7,686","1,558"
94505,"13,403","12,631","10,924",548
94506,"22,452","21,469","16,149",366
94507,"14,889","14,401","12,947",77
94508,"3,661","3,451","2,660",152
94509,"62,439","57,867","34,381","8,702"
94510,"27,088","25,286","19,634","1,511"
94511,"2,137","2,067","1,843",40
94512,108,107,79,2
94513,"54,605","50,900","37,336","3,422"
94514,"1,360","1,302",963,62
94515,"7,050","6,667","5,399",33
94516,211,204,188,2
94517,"12,385","11,823","10,492",187
94518,"26,778","25,016","18,122",854
94519,"18,453","17,293","12,985",499
94520,"37,208","34,891","19,740","1,880"
94521,"41,249","38,648","29,244","1,155"
94523,"33,569","31,720","25,148",697
94525,"3,127","2,933","2,495",152
94526,"31,102","29,910","26,578",231
94528,964,940,897,0
94530,"23,877","22,334","12,741","1,860"
94531,"40,290","36,937","15,945","8,975"
94533,"69,277","62,897","29,074","12,261"
94534,"36,416","33,628","20,111","4,014"
94535,"3,793","3,419","2,442",461
94536,"68,790","64,063","28,394","2,747"
94538,"61,148","57,173","22,536","2,521"
94539,"50,031","48,270","11,854",588
94541,"61,635","57,263","24,923","8,965"
94542,"12,717","11,752","5,494","1,852"
94544,"73,026","67,814","24,152","8,141"
94545,"29,707","27,642","8,499","2,822"
94546,"42,209","39,437","26,638","2,502"
94547,"24,092","22,608","5,319","4,562"
94548,412,384,351,7
94549,"26,864","25,762","22,811",197
94550,"46,896","44,579","37,291",884
94551,"36,867","34,765","25,533",842
94552,"14,454","13,631","7,259",589
94553,"47,065","44,204","36,159","1,578"
94555,"34,143","32,022","7,558","1,247"
94556,"15,229","14,486","11,725",175
94558,"66,830","64,574","51,624",654
94559,"27,184","26,102","20,256",189
94560,"42,573","39,774","17,566","2,002"
94561,"36,515","33,950","23,473","2,611"
94563,"17,672","16,890","14,551",148
94564,"18,287","17,026","8,462","2,445"
94565,"84,641","78,607","31,980","13,656"
94566,"40,884","39,041","29,379",585
94567,623,582,519,1
94568,"46,016","43,273","23,628","4,347"
94569,198,189,177,3
94571,"7,911","7,620","6,436",373
94572,"8,684","7,995","3,796","1,407"
94573,94,89,76,0
94574,"8,742","8,525","6,941",44
94575,974,905,629,108
94576,164,158,144,1
94577,"45,560","42,906","18,380","5,877"
94578,"38,558","36,368","12,852","7,824"
94579,"20,571","19,535","7,275","1,359"
94580,"27,152","25,440","12,037","1,709"
94582,"38,537","36,459","16,168","1,208"
94583,"34,859","33,031","23,141",883
94585,"28,263","25,460","10,970","5,714"
94586,925,871,787,1
94587,"69,516","64,879","16,640","4,402"
94588,"30,842","29,275","18,885",620
94589,"29,876","27,772","7,615","7,313"
94590,"35,420","32,693","13,919","8,848"
94591,"53,042","49,014","17,554","9,886"
94592,742,674,274,84
94595,"16,425","15,966","14,313",180
94596,"20,037","19,132","15,702",446
94597,"20,277","19,204","15,058",495
94598,"25,818","24,675","19,966",284
94599,"3,021","2,920","2,703",38
94601,"50,294","47,732","12,774","9,256"
94602,"28,329","26,554","12,929","5,082"
94603,"31,403","30,017","6,423","11,867"
94605,"39,016","36,779","8,538","20,566"
94606,"36,672","34,860","7,627","7,146"
94607,"24,978","23,672","4,967","9,607"
94608,"28,019","26,244","9,905","10,215"
94609,"20,596","19,207","9,596","6,847"
94610,"29,287","27,458","16,662","5,447"
94611,"36,565","34,342","25,292","3,043"
94612,"14,389","13,595","4,005","4,254"
94613,715,636,406,73
94618,"16,046","15,161","12,310",789
94619,"23,299","21,810","8,349","6,252"
94621,"29,870","28,422","6,068","10,906"
94702,"15,979","14,868","8,277","3,593"
94703,"19,846","18,440","10,985","3,637"
94704,"25,592","24,000","12,082","1,173"
94705,"12,762","12,141","9,885",493
94706,"19,615","18,316","10,907",707
94707,"11,710","11,106","9,551",241
94708,"10,985","10,387","8,875",209
94709,"11,806","11,140","7,640",342
94710,"6,948","6,429","3,105","1,557"
94720,"2,964","2,757","1,311",92
94801,"29,395","27,971","9,552","6,452"
94803,"24,904","23,014","11,132","4,084"
94804,"38,559","36,404","11,324","12,415"
94805,"13,648","12,711","6,321","2,060"
94806,"59,861","56,690","18,858","11,911"
94850,0,0,0,0
94901,"41,157","38,911","27,925",738
94903,"29,040","27,829","23,154",609
94904,"11,995","11,541","10,517",150
94920,"12,474","12,017","11,141",92
94922,425,410,329,2
94923,"1,411","1,368","1,265",6
94924,"1,638","1,554","1,421",28
94925,"9,253","8,826","7,808",87
94928,"43,170","40,696","32,950",810
94929,264,254,247,0
94930,"8,500","8,167","7,586",115
94931,"8,470","8,024","6,978",139
94933,865,837,787,16
94937,837,816,729,9
94938,812,779,739,7
94939,"6,859","6,610","6,107",75
94940,268,265,238,0
94941,"30,496","29,307","26,469",337
94945,"17,167","16,496","13,757",320
94946,699,687,624,5
94947,"24,283","23,169","18,935",627
94949,"17,202","16,276","12,780",523
94950,89,87,72,0
94951,"4,124","3,979","3,618",37
94952,"32,858","31,611","28,108",332
94954,"37,365","35,818","29,089",595
94956,"1,756","1,701","1,495",14
94957,"1,332","1,291","1,255",2
94960,"15,740","15,204","14,250",120
94963,569,548,536,5
94964,"5,094","4,995","2,060","2,003"
94965,"10,847","10,479","8,463","1,094"
94970,683,668,629,4
94971,337,332,315,2
94972,52,48,30,0
94973,"1,429","1,359","1,304",4
95002,"2,077","1,983",785,44
95003,"23,974","23,024","20,828",185
95004,"3,918","3,699","2,874",29
95005,"6,311","6,021","5,741",37
95006,"8,979","8,588","8,131",76
95007,676,640,598,1
95008,"45,260","42,550","29,980","1,344"
95010,"9,137","8,718","7,444",113
95012,"10,320","9,766","5,043",135
95013,80,79,30,0
95014,"60,717","58,686","19,128",394
95017,834,784,646,12
95018,"7,778","7,450","7,074",53
95019,"7,727","7,360","3,389",70
95020,"57,349","54,507","34,282","1,025"
95023,"48,841","46,472","30,786",428
95030,"12,791","12,362","10,997",61
95032,"25,089","23,860","19,979",235
95033,"9,372","9,016","8,434",36
95035,"66,943","63,842","13,821","1,970"
95037,"45,579","42,922","30,191",808
95039,"1,377","1,304",795,24
95041,160,158,145,0
95043,639,622,549,2
95045,"4,046","3,836","2,518",41
95046,"6,417","6,089","3,984",30
95050,"35,923","33,769","19,772","1,174"
95051,"54,327","51,669","24,201","1,197"
95053,"2,206","2,009","1,404",83
95054,"23,364","22,192","6,523",700
95060,"46,377","44,006","35,813",815
95062,"36,079","34,319","28,277",461
95064,"7,331","6,719","4,207",138
95065,"8,113","7,767","6,611",92
95066,"14,749","14,086","12,825",112
95070,"30,617","29,534","16,619",96
95073,"10,154","9,648","8,580",67
95075,331,315,274,1
95076,"82,474","78,701","42,202",610
95110,"18,730","17,743","8,690",697
95111,"58,466","55,898","17,858","2,089"
95112,"55,927","52,952","24,584","2,475"
95113,893,867,385,134
95116,"51,496","49,186","17,419","1,264"
95117,"30,067","28,436","14,978","1,605"
95118,"31,932","29,973","21,618",682
95119,"9,970","9,317","5,869",362
95120,"37,457","35,774","23,692",288
95121,"37,469","36,001","8,551","1,191"
95122,"56,545","54,356","16,115","1,340"
95123,"62,228","57,901","34,769","2,599"
95124,"47,082","44,445","33,884",772
95125,"51,939","49,229","35,907","1,584"
95126,"31,049","29,096","16,918","1,685"
95127,"61,325","58,137","24,885","1,430"
95128,"34,836","32,850","19,992","1,490"
95129,"38,720","37,322","13,208",544
95130,"13,911","13,107","8,004",479
95131,"28,565","27,558","4,680",759
95132,"40,299","38,471","9,803","1,025"
95133,"25,401","24,363","4,981",643
95134,"15,268","14,546","5,150",648
95135,"20,120","19,327","7,400",425
95136,"42,989","40,492","20,335","2,143"
95138,"18,889","17,916","7,066",579
95139,"6,748","6,290","4,086",262
95140,191,175,162,2
95148,"45,528","43,662","9,701","1,470"
95202,"6,521","6,053","2,731","1,258"
95203,"15,696","14,458","7,018","1,593"
95204,"27,786","25,591","16,559","1,650"
95205,"38,069","35,680","15,494","3,109"
95206,"65,004","61,067","15,480","9,568"
95207,"47,965","44,139","22,401","5,856"
95209,"39,488","36,612","18,251","4,401"
95210,"39,009","36,431","10,168","5,359"
95211,"1,545","1,435",697,47
95212,"25,239","23,769","7,811","1,846"
95215,"23,224","21,986","12,862",539
95219,"27,884","26,007","15,093","2,609"
95220,"7,273","6,941","5,668",46
95222,"5,292","5,126","4,672",19
95223,"4,612","4,492","4,329",21
95224,429,417,389,5
95225,672,612,550,13
95226,84,76,74,0
95227,941,896,831,5
95228,"3,976","3,811","3,568",36
95230,718,698,558,14
95231,"4,374","4,118","2,189",431
95232,304,291,273,0
95233,436,419,414,0
95234,70,69,31,1
95236,"4,223","4,058","3,253",26
95237,"3,167","2,990","2,481",10
95240,"47,172","44,988","30,070",431
95242,"25,393","24,336","20,246",176
95245,"2,277","2,169","2,057",11
95246,"1,615","1,565","1,472",17
95247,"4,368","4,264","4,005",44
95248,301,279,258,0
95249,"4,042","3,847","3,531",67
95250,78,73,65,2
95251,767,739,702,0
95252,"13,460","12,819","11,635",141
95254,480,465,418,3
95255,"2,042","1,982","1,806",3
95257,413,403,376,0
95258,"4,018","3,882","3,028",17
95301,"37,073","35,340","24,357","1,807"
95303,912,869,560,4
95304,"15,706","15,000","10,311","1,564"
95305,245,237,227,0
95306,970,938,865,7
95307,"42,753","40,440","25,628","1,045"
95310,"1,882","1,801","1,729",14
95311,"2,197","2,105","2,020",13
95312,268,242,166,1
95313,"1,386","1,346",995,10
95314,0,0,0,0
95315,"13,018","12,443","6,939",129
95316,"6,573","6,377","5,208",31
95317,817,794,489,23
95318,541,514,494,1
95319,"1,749","1,623",927,10
95320,"12,819","12,407","10,360",72
95321,"3,736","3,601","3,434",25
95322,"8,942","8,610","6,139",104
95323,"1,260","1,229",958,1
95324,"7,324","7,109","6,196",19
95325,81,75,69,0
95326,"9,581","9,186","7,477",78
95327,"9,806","9,461","6,715",952
95328,"3,993","3,843","2,009",50
95329,"2,460","2,373","2,176",22
95330,"17,853","16,639","7,341","1,285"
95333,"2,942","2,852","1,750",26
95334,"15,457","14,816","6,675",114
95335,541,527,505,5
95336,"42,675","39,821","28,075","1,418"
95337,"31,557","29,270","18,860","1,495"
95338,"11,062","10,597","9,786",75
95340,"33,931","32,074","21,350","1,511"
95341,"32,967","31,394","14,493","1,860"
95345,708,687,547,2
95346,"1,272","1,227","1,174",5
95348,"30,805","29,058","17,045","2,268"
95350,"51,046","47,754","35,584","1,951"
95351,"46,458","43,940","22,584","1,738"
95354,"25,394","23,685","16,626","1,059"
95355,"58,311","54,747","40,983","2,309"
95356,"30,918","28,934","20,961","1,227"
95357,"11,559","10,910","7,568",315
95358,"31,668","30,214","18,745",807
95360,"11,712","11,126","7,860",244
95361,"31,610","30,369","25,955",211
95363,"25,237","23,821","13,001","1,435"
95364,53,53,52,0
95365,"4,985","4,898","1,946",23
95366,"16,575","15,812","13,257",240
95367,"23,173","21,985","15,381",479
95368,"13,614","12,812","8,399",434
95369,"1,099","1,073",822,8
95370,"26,803","25,830","24,572",97
95372,"1,963","1,903","1,829",3
95374,"2,030","1,975","1,447",33
95375,106,103,101,0
95376,"49,859","46,369","28,086","3,358"
95377,"30,902","28,192","14,626","2,352"
95379,"3,898","3,715","3,313",23
95380,"41,201","39,245","26,754",590
95382,"36,176","34,408","27,354",618
95383,"3,937","3,802","3,619",8
95385,429,411,295,3
95386,"9,877","9,456","7,163",82
95387,636,617,299,3
95388,"13,074","12,548","7,433",203
95389,"1,272","1,219","1,034",30
95391,"9,959","9,259","3,669",906
95401,"36,981","35,051","24,804",837
95403,"45,164","42,940","32,017","1,196"
95404,"39,761","37,930","31,107",765
95405,"21,399","20,453","17,972",306
95407,"39,352","37,014","21,089","1,165"
95409,"27,187","26,144","22,999",425
95410,950,905,875,1
95412,401,397,268,0
95415,"1,592","1,547",915,11
95417,297,276,255,0
95420,374,357,345,1
95421,"1,592","1,529","1,399",3
95422,"15,585","14,593","11,564",616
95423,"3,747","3,595","3,247",73
95425,"10,841","10,460","8,326",55
95426,"2,147","2,059","1,959",15
95427,459,447,426,1
95428,"2,516","2,324","1,170",31
95429,70,62,53,1
95430,44,44,36,0
95431,631,629,557,38
95432,426,396,375,2
95435,82,82,36,0
95436,"5,418","5,234","4,800",43
95437,"14,799","14,224","12,033",129
95439,675,661,488,3
95441,"2,014","1,957","1,497",8
95442,"3,178","3,058","2,751",19
95443,233,219,201,11
95444,748,705,570,1
95445,"2,093","2,015","1,766",7
95446,"4,750","4,537","4,166",31
95448,"16,852","16,294","13,006",107
95449,"1,507","1,433","1,017",7
95450,387,375,359,3
95451,"11,213","10,802","8,951",110
95452,"1,393","1,360","1,273",5
95453,"11,256","10,800","9,064",117
95454,"2,556","2,431","1,990",26
95456,795,782,771,0
95457,"2,893","2,751","2,441",63
95458,"3,104","2,912","2,618",60
95459,504,458,369,2
95460,"2,285","2,200","2,144",11
95461,"3,413","3,258","2,832",21
95462,"1,417","1,336","1,280",10
95463,169,163,149,0
95464,"2,673","2,538","2,007",60
95465,"2,083","2,007","1,880",9
95466,946,934,675,3
95467,"5,498","5,309","4,763",63
95468,"1,258","1,214",939,2
95469,"1,767","1,716","1,464",6
95470,"6,032","5,816","4,811",33
95471,522,488,443,4
95472,"28,255","27,324","25,406",224
95476,"35,394","34,291","28,449",178
95482,"31,808","30,250","22,504",274
95485,"2,557","2,427","2,107",22
95486,62,57,56,0
95488,280,259,247,1
95490,"13,264","12,628","10,993",69
95492,"28,532","27,187","21,113",238
95493,198,196,191,0
95494,139,133,105,2
95497,"1,305","1,285","1,220",15
95501,"23,976","22,625","19,156",470
95503,"24,152","22,873","20,104",251
95511,360,331,312,1
95514,254,240,224,0
95519,"17,432","16,505","15,006",112
95521,"20,199","18,942","16,715",387
95524,"1,787","1,713","1,596",8
95525,"1,733","1,652","1,485",6
95526,378,361,324,1
95527,627,593,559,1
95528,"1,139","1,103","1,016",2
95531,"24,528","23,451","18,416",970
95536,"2,849","2,744","2,574",9
95537,276,257,210,6
95540,"13,657","13,021","11,236",77
95542,"2,533","2,438","2,276",20
95543,765,731,663,7
95545,153,145,140,1
95546,"3,494","3,306",461,5
95547,"1,222","1,166","1,093",4
95548,"1,373","1,254",759,12
95549,805,772,720,6
95550,128,122,100,0
95551,"1,739","1,666","1,346",12
95552,697,663,615,1
95553,"1,062","1,017",942,4
95554,533,497,456,0
95555,410,388,337,0
95556,605,530,342,0
95558,425,407,388,4
95559,182,164,158,0
95560,"1,648","1,562","1,433",36
95562,"3,450","3,279","2,969",14
95563,652,617,530,0
95564,462,419,368,2
95565,"1,071","1,027",868,6
95567,"1,930","1,862","1,246",4
95568,136,126,75,1
95569,361,346,292,25
95570,"2,579","2,476","2,249",13
95571,271,256,240,0
95573,"1,744","1,629","1,404",6
95585,508,469,431,1
95587,201,191,178,1
95589,"1,612","1,526","1,442",17
95595,262,235,215,0
95601,198,192,186,0
95602,"17,509","17,017","15,752",106
95603,"27,844","26,795","24,895",212
95604,75,73,71,0
95605,"14,179","13,193","8,262",617
95606,196,193,136,2
95607,431,411,336,5
95608,"59,418","56,143","47,862","2,997"
95610,"44,147","41,856","35,188","1,435"
95612,"1,239","1,186",939,2
95614,"3,833","3,701","3,563",9
95615,834,782,564,1
95616,"47,032","44,570","29,696","1,046"
95618,"27,281","25,697","17,683",648
95619,"4,842","4,621","4,179",22
95620,"20,553","19,465","14,581",578
95621,"39,819","37,548","32,083","1,320"
95623,"3,806","3,684","3,477",14
95624,"61,989","57,535","32,368","5,304"
95625,155,148,127,0
95626,"5,975","5,678","4,839",130
95627,"3,513","3,386","2,131",48
95628,"40,196","38,371","34,531",891
95629,832,810,773,0
95630,"72,180","69,162","53,605","4,140"
95631,"6,076","5,874","5,629",25
95632,"29,269","27,565","19,889",536
95633,"3,349","3,218","3,096",8
95634,"3,232","3,130","2,938",51
95635,"1,262","1,215","1,124",18
95636,"1,101","1,037",983,6
95637,370,359,274,36
95638,"2,255","2,149","1,814",23
95639,283,248,143,0
95640,"11,353","10,904","8,807",829
95641,"1,986","1,886","1,485",26
95642,"7,164","6,910","6,414",33
95645,"2,037","1,935","1,161",6
95646,158,158,153,0
95648,"47,354","45,405","38,162",636
95650,"12,447","11,953","11,195",57
95651,637,615,590,2
95652,739,654,463,99
95653,527,496,241,1
95655,"4,314","3,967","2,352",451
95658,"6,285","6,056","5,686",29
95659,702,672,562,6
95660,"30,714","28,403","18,976","3,447"
95661,"29,791","28,530","24,704",535
95662,"31,558","30,153","27,589",429
95663,"2,377","2,306","2,140",13
95664,"1,380","1,328","1,285",9
95665,"4,426","4,257","4,027",44
95666,"5,336","5,188","4,945",13
95667,"36,726","35,383","32,752",168
95668,815,784,672,4
95669,"2,443","2,359","2,172",17
95670,"52,973","49,613","33,926","4,654"
95672,"4,773","4,617","4,289",39
95673,"15,455","14,611","11,909",366
95674,935,908,660,8
95675,381,343,326,0
95677,"23,333","22,299","19,909",316
95678,"41,192","39,017","32,158",772
95679,55,55,52,0
95680,146,140,88,0
95681,"1,226","1,169","1,013",8
95682,"29,114","27,987","26,136",188
95683,"6,180","5,951","5,381",169
95684,"3,422","3,268","3,096",17
95685,"4,680","4,525","4,289",20
95686,"1,405","1,356",725,53
95687,"65,096","60,362","41,926","8,193"
95688,"34,379","32,264","25,043","1,496"
95689,"1,244","1,215","1,176",6
95690,"2,533","2,441","1,615",30
95691,"34,737","31,984","21,383","1,727"
95692,"4,769","4,454","3,733",46
95693,"6,758","6,437","5,288",209
95694,"9,156","8,727","6,478",77
95695,"37,946","36,091","25,613",494
95697,425,413,253,0
95698,236,225,193,2
95699,154,145,142,0
95701,983,965,940,1
95703,897,870,828,8
95709,"4,772","4,643","4,295",12
95713,"9,495","9,124","8,709",35
95714,382,364,342,0
95715,115,102,96,0
95717,231,227,213,0
95720,157,143,126,1
95721,37,37,36,0
95722,"4,585","4,451","4,330",4
95724,27,23,22,1
95726,"8,842","8,575","8,149",23
95728,386,376,365,0
95735,68,66,66,0
95736,240,229,170,10
95742,"7,749","7,257","3,862",508
95746,"21,460","20,642","18,642",188
95747,"51,870","49,209","40,391","1,196"
95757,"40,222","37,040","14,251","5,562"
95758,"60,435","55,268","27,438","8,012"
95762,"38,797","37,012","32,080",584
95765,"33,974","32,139","27,432",546
95776,"21,902","20,670","12,554",397
95811,"7,595","7,099","4,609",986
95814,"9,922","9,367","6,135","1,360"
95815,"24,680","22,892","12,607","2,917"
95816,"15,579","14,697","12,345",650
95817,"13,534","12,405","6,926","2,678"
95818,"19,811","18,511","12,950","1,663"
95819,"17,141","16,286","14,366",413
95820,"34,480","31,830","15,946","4,052"
95821,"33,550","31,575","23,598","2,908"
95822,"42,347","39,353","16,447","7,395"
95823,"73,985","68,383","19,727","16,989"
95824,"30,221","28,492","9,678","2,904"
95825,"31,084","28,904","18,282","3,919"
95826,"36,628","33,939","23,049","3,794"
95827,"20,269","18,639","12,542","2,433"
95828,"57,862","54,001","18,677","8,764"
95829,"24,755","23,049","11,267","2,411"
95830,934,900,597,39
95831,"41,321","38,403","18,334","5,672"
95832,"11,924","11,015","2,443","2,721"
95833,"37,293","34,337","17,684","5,470"
95834,"25,899","23,864","10,271","4,362"
95835,"35,936","33,151","16,249","4,790"
95837,315,305,267,5
95838,"36,764","34,197","13,136","6,734"
95841,"19,448","18,115","13,753","1,974"
95842,"31,806","29,290","19,938","3,662"
95843,"45,048","41,741","28,711","4,024"
95864,"22,447","21,527","18,633",657
95901,"31,314","29,088","20,933","1,164"
95903,"1,732","1,593","1,257",167
95910,86,84,83,0
95912,"4,685","4,515","2,953",18
95914,578,548,515,7
95915,44,42,42,0
95916,"1,441","1,350","1,262",8
95917,"3,155","3,037","2,481",32
95918,"2,339","2,199","2,014",15
95919,"1,378","1,291","1,215",4
95920,274,273,194,4
95922,687,638,585,1
95923,58,58,56,0
95925,295,261,234,9
95926,"37,725","35,774","30,677",903
95928,"36,511","34,821","29,402",615
95930,69,64,61,0
95932,"7,718","7,408","5,288",61
95934,274,264,246,1
95935,631,594,524,4
95936,352,344,334,0
95937,"1,491","1,403",922,111
95938,"3,787","3,684","3,518",12
95939,604,580,357,30
95941,563,529,493,4
95942,"1,301","1,268","1,228",8
95943,879,845,781,0
95944,46,46,45,0
95945,"25,199","24,240","22,868",87
95946,"9,790","9,476","9,108",36
95947,"1,899","1,793","1,533",4
95948,"10,810","10,283","7,488",71
95949,"19,741","19,146","18,397",75
95950,569,533,398,7
95951,"2,601","2,506","1,223",23
95953,"10,718","10,161","6,281",143
95954,"12,251","11,714","11,271",42
95955,"1,517","1,482","1,043",13
95956,401,391,374,0
95957,761,726,564,2
95959,"17,838","17,250","16,570",100
95960,796,746,687,2
95961,"26,510","24,546","16,588",938
95962,"1,567","1,505","1,422",8
95963,"15,493","14,930","11,370",97
95965,"20,384","19,220","14,909",366
95966,"30,643","28,883","23,841",794
95968,"1,412","1,324",907,6
95969,"27,549","26,618","25,368",122
95970,530,518,401,0
95971,"5,970","5,707","5,280",147
95973,"31,957","30,586","26,828",427
95974,8,8,8,0
95975,"1,769","1,708","1,625",5
95977,"1,678","1,620","1,502",1
95978,143,127,120,2
95979,597,578,471,35
95981,97,94,78,1
95982,"3,221","3,064","2,779",17
95983,428,411,392,0
95984,120,117,113,0
95986,162,157,149,0
95987,"5,992","5,801","3,459",61
95988,"8,857","8,543","6,542",84
95991,"40,593","38,005","25,119","1,030"
95993,"36,067","34,220","20,496",708
96001,"33,865","32,260","29,561",398
96002,"33,298","31,730","27,799",374
96003,"44,461","42,671","39,123",456
96006,557,544,499,3
96007,"22,841","21,743","19,578",129
96008,"1,231","1,201","1,123",4
96009,569,556,512,1
96010,239,227,197,2
96011,218,208,175,0
96013,"4,212","4,020","3,566",21
96014,211,195,185,0
96015,465,453,418,2
96016,366,354,342,0
96017,171,162,160,0
96019,"10,082","9,576","8,681",63
96020,"2,416","2,337","2,215",11
96021,"16,097","15,449","11,956",101
96022,"15,768","15,165","14,121",43
96023,"1,240","1,178","1,032",19
96024,"1,145","1,092","1,023",3
96025,"2,310","2,171","2,018",52
96027,"2,227","2,069","1,952",4
96028,"1,464","1,413","1,249",1
96029,124,122,106,0
96031,158,151,112,0
96032,"2,407","2,261","1,965",40
96033,432,406,373,3
96034,294,273,249,2
96035,"3,324","3,195","2,246",16
96037,308,279,251,0
96038,589,561,516,2
96039,"1,251","1,172",852,2
96040,341,335,271,4
96041,"2,747","2,567","2,338",4
96044,"1,022",949,888,5
96046,304,280,253,0
96047,"1,004",941,865,6
96048,736,704,656,1
96049,95,89,76,0
96050,414,399,367,0
96051,"1,139","1,099","1,056",0
96052,"1,460","1,416","1,284",33
96054,366,358,331,0
96055,"3,935","3,758","3,223",22
96056,"1,642","1,611","1,344",2
96057,"1,355","1,313","1,276",9
96058,798,764,531,0
96059,688,668,622,1
96061,36,36,34,0
96062,"1,105","1,056",997,5
96063,125,120,117,0
96064,"4,574","4,350","4,071",25
96065,357,338,273,7
96067,"7,165","6,887","6,543",78
96068,183,171,123,17
96069,982,953,905,7
96071,125,122,121,0
96073,"4,082","3,951","3,780",17
96074,260,245,199,24
96075,369,366,311,24
96076,166,160,147,1
96080,"28,764","27,448","24,258",186
96084,625,582,515,1
96085,85,77,65,6
96086,338,312,274,0
96087,600,563,522,8
96088,"4,506","4,326","4,140",11
96090,421,406,349,6
96091,699,682,651,0
96092,496,479,413,1
96093,"4,133","3,915","3,636",14
96094,"6,630","6,289","5,438",263
96096,695,666,643,2
96097,"10,031","9,488","8,561",62
96101,"5,490","5,263","4,692",68
96103,"1,725","1,693","1,651",1
96104,748,728,638,1
96105,527,505,488,2
96106,479,467,461,0
96107,"1,269","1,229","1,055",12
96108,122,119,112,0
96109,"2,197","2,092","1,313",431
96110,166,164,151,1
96111,160,156,146,0
96112,214,204,111,2
96113,"1,000",908,739,86
96114,"3,220","3,131","2,973",15
96115,145,142,142,0
96116,233,221,148,3
96117,405,392,362,0
96118,"1,627","1,582","1,507",4
96119,90,89,78,5
96120,957,930,668,0
96121,368,351,339,2
96122,"3,883","3,747","3,253",21
96123,48,47,40,0
96124,326,312,300,0
96125,258,253,236,0
96126,215,214,202,2
96128,752,718,647,0
96129,261,256,250,1
96130,"23,150","22,407","15,847","2,269"
96132,119,107,91,2
96133,110,108,99,0
96134,"2,512","2,369","1,643",8
96135,128,124,114,0
96136,104,101,97,0
96137,"3,297","3,209","2,988",7
96140,"1,170","1,142","1,094",6
96141,744,737,710,11
96142,"1,037","1,014",973,6
96143,"4,414","4,274","3,787",18
96145,"3,161","3,112","2,990",9
96146,"1,366","1,338","1,246",5
96148,788,770,685,0
96150,"29,792","28,774","23,488",236
96155,8,7,5,0
96161,"18,451","18,059","16,048",70
97635,165,154,150,0