Zip Code,1 under 25K,25K under 50K,50K under 75K,75K under 100K,100K under 200K,200K or more
90001,183062.0,191039.0,74868.0,25416.0,18062.0,
90002,160209.0,174761.0,67920.0,24023.0,12022.0,
90003,229882.0,228915.0,84239.0,25056.0,13516.0,
90004,181382.0,233615.0,141143.0,81668.0,167849.0,646064.0
90005,110878.0,130405.0,64843.0,38866.0,56856.0,186204.0
90006,193055.0,183783.0,66282.0,27279.0,28287.0,16251.0
90007,101241.0,110135.0,50786.0,19137.0,17098.0,7715.0
90008,90818.0,140152.0,112544.0,78452.0,130920.0,71280.0
90010,9570.0,15413.0,15097.0,19515.0,30304.0,167443.0
90011,350692.0,310164.0,96509.0,30692.0,20857.0,
90012,60422.0,78664.0,67559.0,50961.0,70150.0,54184.0
90013,20703.0,32697.0,37029.0,29940.0,49302.0,145160.0
90014,18879.0,30233.0,36506.0,23688.0,36234.0,32743.0
90015,54514.0,57847.0,33348.0,29283.0,58411.0,103690.0
90016,146887.0,228839.0,139539.0,84472.0,91581.0,28984.0
90017,60337.0,58389.0,38353.0,25885.0,50605.0,131889.0
90018,157216.0,207499.0,107793.0,56322.0,56024.0,19157.0
90019,178997.0,272593.0,186398.0,117697.0,200964.0,197536.0
90020,109845.0,159238.0,90770.0,74109.0,56319.0,401671.0
90021,9281.0,11095.0,6746.0,5251.0,12005.0,43890.0
90022,208901.0,264714.0,136702.0,56569.0,34804.0,25738.0
90023,159569.0,169389.0,74383.0,24077.0,28221.0,
90024,50101.0,95066.0,107397.0,106612.0,321515.0,3266771.0
90025,116449.0,213483.0,228577.0,190684.0,453790.0,1943461.0
90026,195318.0,294716.0,209273.0,127814.0,210419.0,130746.0
90027,123376.0,222423.0,191511.0,135454.0,246769.0,483320.0
90028,96035.0,139117.0,83202.0,48671.0,66018.0,70284.0
90029,131328.0,158661.0,81543.0,42773.0,52764.0,31041.0
90031,118505.0,148705.0,90081.0,40654.0,52666.0,19676.0
90032,123433.0,187022.0,138466.0,81573.0,90762.0,19698.0
90033,143498.0,147866.0,63500.0,27232.0,41928.0,
90034,144864.0,306056.0,268815.0,180533.0,308188.0,365256.0
90035,55024.0,116230.0,122977.0,105848.0,249064.0,449617.0
90036,72082.0,170485.0,185219.0,160041.0,344641.0,737317.0
90037,205561.0,204073.0,79056.0,27750.0,20659.0,
90038,95458.0,124601.0,63380.0,35489.0,47716.0,43433.0
90039,72755.0,138801.0,130174.0,110954.0,213387.0,199686.0
90040,35272.0,57733.0,35657.0,20082.0,16481.0,18174.0
90041,56090.0,120295.0,114170.0,98312.0,206216.0,93745.0
90042,160977.0,255789.0,196589.0,142080.0,203299.0,55556.0
90043,126093.0,204675.0,161473.0,107714.0,170521.0,68202.0
90044,293126.0,321512.0,145993.0,59199.0,42234.0,8012.0
90045,61224.0,133158.0,169680.0,161710.0,459184.0,517770.0
90046,119825.0,255374.0,247736.0,188963.0,373933.0,828195.0
90047,151159.0,241221.0,181662.0,96543.0,93932.0,13669.0
90048,48980.0,108272.0,118532.0,105087.0,255070.0,560362.0
90049,49439.0,110637.0,138606.0,139915.0,435846.0,4307545.0
90056,16612.0,34860.0,45668.0,40593.0,109674.0,128513.0
90057,118068.0,117932.0,50218.0,25021.0,22886.0,7338.0
90058,12210.0,9858.0,4121.0,3307.0,4223.0,37409.0
90059,132265.0,142435.0,66386.0,24681.0,16288.0,
90061,93730.0,102924.0,49288.0,21431.0,21874.0,
90062,103712.0,137515.0,71518.0,30166.0,20244.0,
90063,164503.0,203443.0,102754.0,42346.0,31128.0,
90064,46143.0,94572.0,112280.0,101754.0,325475.0,1436767.0
90065,119955.0,189825.0,153229.0,117677.0,241038.0,125866.0
90066,124887.0,244148.0,238949.0,208715.0,474291.0,566854.0
90067,6388.0,13604.0,15217.0,18006.0,80081.0,2313472.0
90068,44547.0,97960.0,101675.0,99091.0,249216.0,605023.0
90069,49894.0,113992.0,132965.0,123437.0,285770.0,1235198.0
90077,9774.0,17725.0,20877.0,24688.0,104992.0,1237979.0
90094,6654.0,17703.0,23598.0,29273.0,94968.0,141430.0
90201,299934.0,373542.0,171548.0,60869.0,37065.0,9036.0
90210,26223.0,50750.0,50983.0,56340.0,200141.0,4910245.0
90211,19604.0,39084.0,41675.0,39618.0,97220.0,471575.0
90212,24445.0,47750.0,58713.0,55622.0,152443.0,2447894.0
90220,155287.0,214660.0,132544.0,63176.0,54694.0,41970.0
90221,174094.0,208577.0,100337.0,42041.0,36354.0,
90222,101705.0,123369.0,61894.0,28478.0,18057.0,
90230,61445.0,121795.0,153381.0,132118.0,328731.0,244551.0
90232,33503.0,72587.0,75847.0,67123.0,151803.0,760707.0
90240,56579.0,95714.0,97675.0,81848.0,168184.0,101966.0
90241,107010.0,186540.0,160824.0,118608.0,198001.0,101603.0
90242,103378.0,181614.0,154776.0,110879.0,143172.0,32276.0
90245,28572.0,66309.0,96978.0,102778.0,248125.0,341887.0
90247,136712.0,229182.0,172354.0,109418.0,124502.0,24372.0
90248,26887.0,48649.0,44443.0,36554.0,59604.0,103766.0
90249,75504.0,123338.0,108840.0,85060.0,126507.0,20823.0
90250,259484.0,447545.0,300656.0,188603.0,272481.0,89016.0
90254,27767.0,74005.0,110475.0,109500.0,299784.0,741797.0
90255,249259.0,296345.0,136916.0,62834.0,37309.0,22213.0
90260,94445.0,157116.0,111824.0,73544.0,95686.0,28324.0
90262,207272.0,270667.0,143188.0,68690.0,46613.0,
90265,23371.0,41691.0,46860.0,50323.0,169021.0,1462957.0
90266,39057.0,82911.0,119695.0,127470.0,493273.0,3068615.0
90270,88554.0,108226.0,48463.0,16524.0,9273.0,
90272,25201.0,44304.0,56550.0,67867.0,264163.0,3222797.0
90274,28895.0,50780.0,71125.0,83547.0,372439.0,2727537.0
90275,46684.0,92352.0,134205.0,160502.0,650546.0,1517510.0
90277,56642.0,130148.0,198082.0,194784.0,526738.0,814532.0
90278,61015.0,135793.0,175875.0,193392.0,601548.0,490623.0
90280,284184.0,408784.0,241064.0,117234.0,82908.0,27907.0
90290,10758.0,17385.0,21978.0,23361.0,73556.0,263564.0
90291,62940.0,124514.0,128090.0,114815.0,270273.0,524646.0
90292,35228.0,84664.0,123207.0,134010.0,360950.0,661570.0
90293,18744.0,52999.0,81158.0,74502.0,180700.0,262733.0
90301,111099.0,181440.0,100957.0,42386.0,39754.0,9805.0
90302,86078.0,147439.0,104175.0,49782.0,59429.0,39384.0
90303,78744.0,117201.0,70430.0,40378.0,36120.0,6374.0
90304,96012.0,114831.0,48377.0,22298.0,18225.0,
90305,39453.0,75410.0,85410.0,66741.0,100630.0,13736.0
90401,14477.0,31261.0,37731.0,30718.0,80399.0,540706.0
90402,14654.0,26742.0,32135.0,32675.0,118488.0,1644541.0
90403,44338.0,104721.0,133349.0,134543.0,334905.0,751444.0
90404,49826.0,99732.0,99207.0,78779.0,166095.0,450862.0
90405,53922.0,113845.0,131145.0,124443.0,323675.0,802499.0
90501,97996.0,172329.0,156142.0,138743.0,286120.0,158433.0
90502,38637.0,77328.0,81930.0,68336.0,122276.0,33769.0
90503,68965.0,150828.0,193331.0,201135.0,549997.0,325920.0
90504,65611.0,124922.0,148847.0,143499.0,318797.0,86407.0
90505,60400.0,120512.0,150550.0,159143.0,470868.0,399721.0
90601,64153.0,127582.0,135479.0,118952.0,224352.0,109171.0
90602,60164.0,99979.0,75878.0,55397.0,110009.0,45786.0
90603,34441.0,66358.0,86983.0,91977.0,219806.0,121838.0
90604,85816.0,154904.0,151407.0,140512.0,223285.0,27011.0
90605,98135.0,162940.0,143287.0,114549.0,169540.0,147342.0
90606,80905.0,145131.0,124502.0,84601.0,94542.0,7867.0
90620,99010.0,178605.0,191334.0,180839.0,296280.0,73295.0
90621,90485.0,140016.0,107275.0,71167.0,136190.0,74859.0
90623,28256.0,52769.0,62468.0,66752.0,179381.0,82919.0
90630,88809.0,175106.0,209143.0,211380.0,516763.0,284066.0
90631,153291.0,266982.0,248417.0,208614.0,422598.0,351269.0
90638,88470.0,168172.0,188945.0,197672.0,411477.0,145069.0
90640,166841.0,269909.0,219214.0,149576.0,203945.0,70146.0
90650,255606.0,453296.0,387327.0,270627.0,276737.0,30216.0
90660,164964.0,291594.0,224075.0,148588.0,159586.0,19348.0
90670,37780.0,71146.0,64263.0,50475.0,63629.0,79794.0
90680,81685.0,122302.0,101988.0,70080.0,78099.0,11188.0
90701,42388.0,67098.0,61354.0,40961.0,59771.0,23094.0
90703,85785.0,174734.0,207316.0,220107.0,612865.0,366661.0
90706,187080.0,331946.0,260005.0,181202.0,240722.0,44234.0
90710,62196.0,101591.0,90900.0,83399.0,160285.0,40245.0
90712,58241.0,112771.0,150106.0,163791.0,325346.0,87914.0
90713,48443.0,94051.0,134445.0,157847.0,339064.0,57294.0
90715,46575.0,82331.0,86884.0,69678.0,91221.0,12487.0
90716,44663.0,62458.0,32531.0,11546.0,10332.0,
90717,48047.0,87816.0,95562.0,77883.0,160697.0,50023.0
90720,36052.0,70084.0,90868.0,86452.0,293886.0,375294.0
90723,158073.0,234448.0,146598.0,70662.0,57517.0,26633.0
90731,136345.0,217337.0,201623.0,173909.0,316113.0,101205.0
90732,31406.0,68515.0,105360.0,110448.0,290689.0,143331.0
90740,52798.0,96201.0,115458.0,107077.0,300486.0,332685.0
90744,157041.0,200387.0,121648.0,76948.0,99070.0,11701.0
90745,139809.0,257851.0,222060.0,184522.0,280849.0,66098.0
90746,62295.0,117249.0,133378.0,112429.0,195005.0,43143.0
90755,24910.0,48065.0,53365.0,44917.0,84254.0,78898.0
90802,110685.0,192453.0,161798.0,115273.0,161649.0,123312.0
90803,56507.0,135871.0,190302.0,173192.0,398722.0,767926.0
90804,111483.0,180258.0,125894.0,75604.0,86169.0,34946.0
90805,263517.0,386929.0,267295.0,159122.0,136006.0,16851.0
90806,125360.0,166177.0,106723.0,77235.0,100817.0,28047.0
90807,64757.0,141734.0,158027.0,145161.0,298641.0,271506.0
90808,61695.0,123822.0,177720.0,213473.0,575418.0,219296.0
90810,100391.0,166060.0,119598.0,76226.0,83531.0,24377.0
90813,181813.0,181893.0,68727.0,30472.0,23553.0,17024.0
90814,41573.0,93248.0,99184.0,80395.0,159047.0,148984.0
90815,62835.0,133311.0,187394.0,195121.0,485118.0,290264.0
91001,72824.0,125974.0,144317.0,132235.0,366152.0,472767.0
91006,56807.0,102022.0,112665.0,113482.0,338795.0,635932.0
91007,57657.0,104248.0,121991.0,109656.0,297271.0,346955.0
91008,1787.0,3119.0,3705.0,3127.0,15502.0,86558.0
91010,62503.0,107838.0,102708.0,83353.0,133157.0,58717.0
91011,22910.0,40287.0,47408.0,63004.0,269385.0,1643308.0
91016,84758.0,158253.0,165234.0,145606.0,317697.0,231766.0
91020,15280.0,31892.0,33409.0,30283.0,52231.0,28107.0
91024,17081.0,33832.0,46295.0,48596.0,144887.0,250028.0
91030,38521.0,82311.0,115533.0,111317.0,284262.0,561476.0
91040,41119.0,81580.0,89095.0,83595.0,166971.0,117416.0
91042,60028.0,109256.0,109118.0,88377.0,164308.0,64279.0
91101,41548.0,80941.0,97246.0,85074.0,167142.0,232050.0
91103,73438.0,91989.0,70821.0,56507.0,126716.0,341735.0
91104,79815.0,134194.0,125697.0,117366.0,291307.0,215565.0
91105,15241.0,34105.0,49034.0,53362.0,189955.0,763473.0
91106,47107.0,96095.0,105912.0,95588.0,201253.0,731925.0
91107,59039.0,118739.0,140918.0,132852.0,368274.0,618327.0
91108,16437.0,28010.0,33288.0,39148.0,170892.0,1155548.0
91201,56682.0,91380.0,76196.0,62900.0,116796.0,83637.0
91202,46998.0,84181.0,92014.0,82233.0,174259.0,202422.0
91203,37143.0,63035.0,54081.0,39981.0,51969.0,111251.0
91204,42983.0,68390.0,46618.0,30024.0,32968.0,13612.0
91205,101641.0,158372.0,102551.0,73302.0,94940.0,43836.0
91206,70495.0,128949.0,121995.0,107054.0,223253.0,240232.0
91207,18129.0,34225.0,41205.0,37290.0,109371.0,258958.0
91208,24170.0,52005.0,61747.0,66368.0,209966.0,317424.0
91210,520.0,2124.0,,2258.0,6474.0,12236.0
91214,47222.0,94056.0,124252.0,126618.0,364161.0,276785.0
91301,41586.0,68232.0,91600.0,100329.0,347021.0,640595.0
91302,33756.0,61024.0,73494.0,78873.0,283233.0,2165978.0
91303,78410.0,111516.0,76730.0,50666.0,69530.0,27491.0
91304,114165.0,190510.0,157610.0,138499.0,320511.0,209430.0
91306,111941.0,186447.0,159404.0,134044.0,217365.0,41090.0
91307,41269.0,71045.0,95280.0,101825.0,304136.0,341426.0
91311,69858.0,142835.0,159823.0,156665.0,362728.0,452175.0
91316,53413.0,111985.0,111954.0,104320.0,247515.0,1010115.0
91320,71363.0,120998.0,146665.0,175288.0,633262.0,679308.0
91321,82754.0,119732.0,107519.0,93107.0,204225.0,202615.0
91324,60448.0,102206.0,92138.0,89250.0,184144.0,199166.0
91325,68780.0,117357.0,110926.0,103835.0,231180.0,226347.0
91326,49809.0,94340.0,121607.0,133413.0,468388.0,483600.0
91331,296464.0,417738.0,240500.0,123261.0,98568.0,16764.0
91335,195041.0,305212.0,244074.0,184444.0,238217.0,59010.0
91340,97189.0,148030.0,93277.0,49419.0,45748.0,11777.0
91342,223573.0,374048.0,311521.0,234561.0,344307.0,81924.0
91343,147582.0,203806.0,166623.0,151992.0,268828.0,76715.0
91344,98819.0,189689.0,212074.0,209876.0,482258.0,358757.0
91345,45321.0,81667.0,69279.0,54387.0,77862.0,11554.0
91350,50883.0,89829.0,131364.0,169011.0,447763.0,166028.0
91351,72259.0,123200.0,126994.0,125957.0,246787.0,58469.0
91352,131494.0,196164.0,130080.0,81195.0,109106.0,82765.0
91354,32535.0,64551.0,101914.0,137565.0,463476.0,255357.0
91355,46735.0,96473.0,147355.0,165729.0,424373.0,339288.0
91356,54671.0,102002.0,108211.0,104356.0,241411.0,814755.0
91360,78259.0,138726.0,153060.0,174651.0,502252.0,398572.0
91361,29333.0,55358.0,71858.0,84405.0,271133.0,1004949.0
91362,59486.0,103998.0,126231.0,136866.0,474438.0,1330993.0
91364,42132.0,82913.0,98687.0,111799.0,345365.0,1015248.0
91367,68860.0,141507.0,189746.0,187693.0,447772.0,657667.0
91377,18213.0,35122.0,50535.0,56288.0,205016.0,320459.0
91381,22060.0,43037.0,61047.0,75847.0,277042.0,405957.0
91384,35498.0,62801.0,78586.0,98507.0,292885.0,112234.0
91387,75223.0,130132.0,151808.0,161956.0,396591.0,297885.0
91390,26519.0,41881.0,62288.0,75427.0,294039.0,172037.0
91401,104889.0,153731.0,130608.0,94685.0,200435.0,180717.0
91402,193470.0,247160.0,144646.0,85965.0,90846.0,15878.0
91403,47972.0,103979.0,117822.0,106079.0,262952.0,1062657.0
91405,151167.0,199618.0,116684.0,71688.0,99520.0,31088.0
91406,137849.0,213640.0,166786.0,125018.0,203036.0,110501.0
91411,61500.0,92628.0,80551.0,57409.0,98753.0,65161.0
91423,65753.0,136351.0,146877.0,129394.0,313491.0,757083.0
91436,21683.0,44773.0,52661.0,58670.0,229494.0,2877533.0
91501,43414.0,82621.0,90284.0,75872.0,149423.0,126288.0
91502,29795.0,55390.0,44055.0,30984.0,39366.0,30962.0
91504,50956.0,110249.0,105416.0,98380.0,224799.0,224170.0
91505,63836.0,141692.0,162060.0,157300.0,319388.0,291560.0
91506,37756.0,83140.0,91407.0,78808.0,191451.0,103861.0
91601,111040.0,184323.0,138685.0,93418.0,139851.0,80379.0
91602,43608.0,101667.0,99455.0,87185.0,165826.0,264303.0
91604,53372.0,114829.0,136220.0,136474.0,352136.0,815276.0
91605,167962.0,213490.0,132380.0,82886.0,107949.0,31667.0
91606,131932.0,192944.0,123541.0,79692.0,98275.0,26187.0
91607,69192.0,129960.0,124215.0,94781.0,204587.0,212401.0
91701,73763.0,134624.0,167527.0,178087.0,440920.0,144285.0
91702,152176.0,227956.0,183825.0,128198.0,165880.0,44636.0
91706,220168.0,328774.0,223662.0,111720.0,104235.0,23209.0
91708,10552.0,24537.0,26473.0,31494.0,69131.0,21481.0
91709,116203.0,212951.0,278004.0,323250.0,960611.0,571118.0
91710,162178.0,273711.0,268066.0,251273.0,430585.0,121170.0
91711,55299.0,95375.0,123570.0,140272.0,419920.0,505565.0
91722,84478.0,153951.0,159637.0,129337.0,156417.0,24008.0
91723,40679.0,80957.0,78874.0,58330.0,89874.0,17555.0
91724,52314.0,89592.0,108205.0,98838.0,233333.0,121616.0
91730,134838.0,270547.0,294573.0,250139.0,351729.0,98062.0
91731,90209.0,105985.0,65694.0,34189.0,34626.0,39759.0
91732,183403.0,228670.0,141381.0,76492.0,79927.0,20354.0
91733,140317.0,159129.0,84920.0,44144.0,37385.0,29159.0
91737,40780.0,74973.0,90628.0,96860.0,285437.0,273128.0
91739,50191.0,93790.0,121538.0,141573.0,404688.0,256848.0
91740,52811.0,99456.0,104683.0,110597.0,195164.0,80606.0
91741,42981.0,79571.0,101819.0,115245.0,319900.0,333975.0
91744,240942.0,357127.0,237559.0,145154.0,124350.0,19856.0
91745,118502.0,210300.0,210312.0,184290.0,393469.0,261794.0
91746,85566.0,131212.0,92365.0,56325.0,52615.0,21445.0
91748,115532.0,179761.0,146450.0,119345.0,243161.0,204776.0
91750,64388.0,114887.0,136390.0,137027.0,376027.0,275022.0
91752,66795.0,109571.0,102398.0,88794.0,132056.0,24819.0
91754,89846.0,135389.0,127798.0,102466.0,197732.0,162104.0
91755,72974.0,101762.0,88858.0,70335.0,128531.0,45520.0
91761,141643.0,236198.0,209923.0,173839.0,219080.0,56627.0
91762,161886.0,242922.0,176237.0,113307.0,138398.0,40056.0
91763,104658.0,149714.0,116188.0,73879.0,72807.0,18777.0
91764,152287.0,224077.0,161370.0,92244.0,77735.0,22549.0
91765,83176.0,162225.0,189420.0,193849.0,512800.0,491432.0
91766,190917.0,246890.0,171351.0,114043.0,168102.0,44806.0
91767,125716.0,183504.0,148613.0,96582.0,108484.0,24224.0
91768,90971.0,117632.0,76991.0,52027.0,56267.0,41863.0
91770,184967.0,251152.0,182794.0,118414.0,150828.0,173326.0
91773,64115.0,121267.0,146332.0,148709.0,359606.0,218399.0
91775,45802.0,82158.0,86618.0,87421.0,242483.0,168987.0
91776,111053.0,158047.0,117621.0,75569.0,118965.0,49599.0
91780,78093.0,136595.0,145899.0,125405.0,251859.0,91234.0
91784,40662.0,69695.0,96942.0,115368.0,405436.0,357289.0
91786,124152.0,204950.0,185070.0,143247.0,247401.0,66883.0
91789,79503.0,144094.0,164648.0,162707.0,464513.0,370689.0
91790,102031.0,172869.0,169432.0,155054.0,234186.0,33756.0
91791,66056.0,118839.0,126865.0,118368.0,250219.0,195995.0
91792,67663.0,125825.0,126631.0,106138.0,160906.0,25336.0
91801,130114.0,232078.0,197691.0,146462.0,233290.0,114537.0
91803,78065.0,129821.0,115647.0,86301.0,138486.0,34668.0
91901,24829.0,47608.0,56231.0,61151.0,187034.0,150052.0
91902,33819.0,61855.0,67798.0,77723.0,211195.0,163527.0
91905,2626.0,5740.0,5185.0,4661.0,8047.0,
91906,5899.0,12519.0,13792.0,11302.0,17637.0,
91910,181627.0,331305.0,290615.0,236081.0,410079.0,162002.0
91911,221612.0,380061.0,300031.0,208339.0,258010.0,47975.0
91913,57875.0,130621.0,164051.0,184078.0,436236.0,98234.0
91914,18950.0,38006.0,50426.0,67078.0,217907.0,161762.0
91915,32757.0,71487.0,92922.0,123950.0,307012.0,77671.0
91916,3442.0,8048.0,8053.0,8638.0,27707.0,
91917,2594.0,3465.0,4972.0,,4188.0,
91932,68598.0,125126.0,92195.0,58345.0,71891.0,14800.0
91934,1794.0,2618.0,4172.0,,,0.0
91935,15668.0,27360.0,33182.0,35336.0,104169.0,121176.0
91941,60567.0,129223.0,126684.0,130727.0,307948.0,255276.0
91942,82963.0,187190.0,188959.0,158768.0,232140.0,54319.0
91945,60268.0,117571.0,105308.0,77935.0,93881.0,9343.0
91950,166173.0,253922.0,154179.0,82721.0,69925.0,15019.0
91962,3171.0,6281.0,9573.0,8895.0,29322.0,
91963,4034.0,5376.0,3212.0,4474.0,,
91977,133637.0,254770.0,226802.0,183541.0,255018.0,48990.0
91978,19189.0,38389.0,38434.0,34546.0,64486.0,13444.0
91980,8628.0,9815.0,5080.0,,,
92003,12073.0,21636.0,20936.0,17757.0,45189.0,61655.0
92004,8841.0,12766.0,10029.0,8416.0,21620.0,
92007,21054.0,44199.0,50179.0,58071.0,137827.0,262445.0
92008,57007.0,114925.0,116162.0,105166.0,269231.0,332970.0
92009,52846.0,106331.0,139231.0,164721.0,608480.0,1023530.0
92010,23670.0,45294.0,58755.0,64669.0,202752.0,100459.0
92011,30865.0,62767.0,78114.0,88611.0,326704.0,497320.0
92014,18099.0,39466.0,54533.0,60488.0,201594.0,1000404.0
92019,80576.0,147420.0,165856.0,167576.0,387727.0,282520.0
92020,128791.0,207380.0,172405.0,139471.0,285521.0,183933.0
92021,151200.0,267930.0,228733.0,187874.0,293566.0,116456.0
92024,90898.0,159471.0,182390.0,187177.0,606965.0,1250605.0
92025,116122.0,169539.0,122954.0,88887.0,226608.0,232992.0
92026,106976.0,191969.0,183533.0,169141.0,338573.0,180722.0
92027,127462.0,214346.0,177432.0,148799.0,277315.0,95879.0
92028,104962.0,150800.0,147207.0,142701.0,341674.0,292824.0
92029,33401.0,63824.0,73166.0,74620.0,206772.0,253573.0
92036,8394.0,12236.0,14516.0,12266.0,22824.0,11256.0
92037,55616.0,112030.0,132616.0,142393.0,488009.0,2423310.0
92040,83050.0,171461.0,172016.0,159642.0,316081.0,96163.0
92054,104323.0,173775.0,135828.0,100534.0,185093.0,93408.0
92056,115953.0,217753.0,223673.0,207641.0,420110.0,130204.0
92057,122040.0,218091.0,206537.0,198749.0,395649.0,115626.0
92058,96267.0,176191.0,107638.0,79436.0,111217.0,19975.0
92059,2821.0,3886.0,2122.0,2046.0,48898.0,20258.0
92061,7532.0,13372.0,8415.0,10027.0,17549.0,46836.0
92064,78309.0,143186.0,163384.0,182519.0,567538.0,915933.0
92065,65395.0,121512.0,136786.0,150377.0,353094.0,192904.0
92066,660.0,916.0,5676.0,,,
92069,102285.0,163983.0,141464.0,131546.0,296899.0,107590.0
92070,2880.0,5734.0,5127.0,2464.0,6535.0,
92071,97026.0,210996.0,251550.0,257438.0,454792.0,100486.0
92075,22886.0,45392.0,51606.0,54588.0,157202.0,455750.0
92078,75002.0,136443.0,145656.0,148140.0,443831.0,308984.0
92081,56624.0,109062.0,122609.0,107669.0,231158.0,104135.0
92082,37874.0,63152.0,68972.0,66448.0,180649.0,120942.0
92083,105269.0,156042.0,99728.0,70803.0,88811.0,14752.0
92084,115812.0,182030.0,137698.0,118348.0,245564.0,140647.0
92086,3259.0,5575.0,4424.0,4261.0,8618.0,
92091,1397.0,2193.0,3804.0,2946.0,13055.0,135687.0
92101,73220.0,158520.0,172214.0,159865.0,329293.0,503496.0
92102,132307.0,193971.0,111810.0,54133.0,68127.0,29205.0
92103,72556.0,188829.0,195390.0,153162.0,302860.0,528936.0
92104,127238.0,269872.0,198947.0,134652.0,218110.0,92766.0
92105,202558.0,256896.0,143511.0,71565.0,62948.0,12833.0
92106,31201.0,70316.0,75350.0,67846.0,226496.0,414180.0
92107,68287.0,146052.0,131803.0,108905.0,222015.0,280339.0
92108,42881.0,120419.0,125658.0,98352.0,149925.0,87528.0
92109,112601.0,266228.0,254675.0,180329.0,317856.0,340193.0
92110,54042.0,118762.0,111544.0,92364.0,184758.0,132194.0
92111,108809.0,203927.0,188319.0,152188.0,259866.0,97610.0
92113,155838.0,182368.0,75354.0,25980.0,31631.0,
92114,163791.0,292118.0,237814.0,176820.0,201742.0,16808.0
92115,139765.0,226142.0,176024.0,138175.0,221550.0,134137.0
92116,84432.0,206252.0,170752.0,117219.0,202781.0,132545.0
92117,118271.0,238630.0,239640.0,219016.0,403329.0,197830.0
92118,24191.0,57081.0,66098.0,75967.0,207732.0,384177.0
92119,41150.0,94631.0,118274.0,121010.0,258172.0,89215.0
92120,48492.0,109093.0,128711.0,133161.0,315222.0,221382.0
92121,6762.0,14668.0,17485.0,22371.0,73147.0,162083.0
92122,62231.0,147076.0,179235.0,201996.0,442851.0,389666.0
92123,54983.0,135273.0,132972.0,118174.0,209346.0,140551.0
92124,42378.0,122880.0,128320.0,124224.0,294218.0,172522.0
92126,135712.0,302021.0,337581.0,329191.0,587866.0,140441.0
92127,39175.0,83977.0,115075.0,153327.0,610815.0,885569.0
92128,62973.0,152003.0,226224.0,248682.0,703968.0,442671.0
92129,71772.0,139991.0,173891.0,209821.0,807736.0,507521.0
92130,43501.0,94542.0,127342.0,160735.0,736509.0,2133135.0
92131,33935.0,74265.0,112015.0,151684.0,634256.0,785531.0
92139,80478.0,175815.0,151566.0,108001.0,135353.0,13876.0
92154,220868.0,376451.0,294785.0,206607.0,263872.0,83075.0
92173,160395.0,191491.0,94630.0,44340.0,40668.0,
92201,167602.0,204241.0,134437.0,106049.0,141703.0,51795.0
92203,44164.0,81635.0,96540.0,94287.0,180190.0,98112.0
92210,5747.0,10728.0,12180.0,15469.0,51257.0,282271.0
92211,45313.0,87716.0,102556.0,110753.0,219725.0,164156.0
92220,76849.0,115314.0,95337.0,69878.0,82059.0,120381.0
92223,78744.0,143991.0,189577.0,188738.0,297322.0,65640.0
92225,32468.0,47063.0,40708.0,38113.0,48597.0,9394.0
92227,58798.0,83366.0,71828.0,58679.0,90884.0,65931.0
92230,7068.0,8783.0,5397.0,5181.0,,
92231,203324.0,176620.0,92437.0,56357.0,60759.0,20722.0
92233,8494.0,12767.0,10085.0,6983.0,13371.0,
92234,143910.0,185735.0,129960.0,88985.0,138842.0,52385.0
92236,155363.0,216714.0,65480.0,26730.0,27248.0,
92240,108614.0,119114.0,67363.0,38192.0,44701.0,11249.0
92241,18072.0,20491.0,13786.0,10635.0,16370.0,
92242,3053.0,4128.0,3036.0,4925.0,,
92243,120574.0,150742.0,116160.0,97569.0,160858.0,77942.0
92249,20365.0,27354.0,23422.0,16080.0,11354.0,
92250,20022.0,32450.0,21765.0,18677.0,27646.0,23074.0
92251,28306.0,54944.0,68167.0,76905.0,117440.0,15282.0
92252,22177.0,31654.0,26326.0,18137.0,28697.0,
92253,65264.0,113738.0,123176.0,118737.0,301861.0,390864.0
92254,80919.0,102625.0,8863.0,4055.0,,
92256,8868.0,12701.0,13431.0,8100.0,15294.0,
92257,4352.0,5123.0,6698.0,,,
92260,72405.0,113127.0,100297.0,87429.0,162958.0,207279.0
92262,71838.0,102032.0,85455.0,63479.0,119095.0,116256.0
92264,50057.0,77564.0,69845.0,50616.0,107304.0,130524.0
92270,29381.0,50702.0,63067.0,60614.0,175681.0,430726.0
92274,81706.0,132979.0,16795.0,8328.0,15443.0,
92276,20517.0,29758.0,21104.0,11533.0,17433.0,
92277,55999.0,93010.0,66845.0,47985.0,59366.0,9721.0
92281,7232.0,7927.0,5643.0,2757.0,6596.0,
92282,2082.0,3102.0,5132.0,,,
92283,8677.0,12517.0,6466.0,3184.0,3587.0,
92284,52113.0,79435.0,72968.0,56066.0,77616.0,18237.0
92285,4818.0,5408.0,4749.0,4455.0,,
92301,80017.0,100464.0,68294.0,36713.0,28645.0,
92305,1140.0,2289.0,2493.0,2521.0,5425.0,
92307,80771.0,120955.0,132458.0,120646.0,207542.0,72613.0
92308,83297.0,121985.0,120694.0,94859.0,164089.0,60275.0
92309,2676.0,2825.0,2509.0,,,0.0
92310,15151.0,44958.0,22355.0,11953.0,12493.0,
92311,65505.0,101384.0,107211.0,77880.0,91444.0,15722.0
92313,23594.0,49131.0,59585.0,50232.0,79196.0,19531.0
92314,19895.0,27351.0,27362.0,19779.0,35421.0,12354.0
92315,19810.0,27517.0,26106.0,22690.0,45717.0,28208.0
92316,84849.0,121713.0,84160.0,43561.0,41254.0,6931.0
92320,17465.0,29279.0,33134.0,28571.0,39854.0,11514.0
92324,153391.0,236904.0,157251.0,100528.0,117193.0,46314.0
92327,1153.0,2322.0,5510.0,,,
92328,1604.0,2647.0,3269.0,,,0.0
92335,275758.0,377230.0,212279.0,99867.0,72170.0,14392.0
92336,172934.0,300071.0,341060.0,335109.0,557591.0,82223.0
92337,78175.0,156315.0,156115.0,115662.0,111371.0,40342.0
92339,1732.0,3344.0,4399.0,4492.0,11995.0,
92342,11246.0,20637.0,28742.0,27447.0,43847.0,11142.0
92344,34898.0,69763.0,78200.0,66994.0,106036.0,36265.0
92345,179890.0,252776.0,228509.0,160141.0,174442.0,24487.0
92346,120463.0,176926.0,181920.0,178348.0,363232.0,256365.0
92347,2992.0,4167.0,4780.0,2897.0,3283.0,
92354,41584.0,77577.0,83741.0,65666.0,150143.0,101568.0
92356,12737.0,17011.0,14988.0,8356.0,10324.0,
92358,1780.0,3114.0,2665.0,2656.0,3915.0,0.0
92359,17789.0,32768.0,32009.0,28220.0,40306.0,7337.0
92363,12553.0,14380.0,11930.0,11197.0,23218.0,
92365,4350.0,6169.0,5845.0,5423.0,6766.0,
92368,2204.0,2126.0,5804.0,,,
92371,19255.0,29590.0,31058.0,23261.0,33673.0,6501.0
92372,9211.0,14131.0,19534.0,16295.0,32471.0,
92373,56782.0,114286.0,138385.0,135451.0,347325.0,424577.0
92374,84335.0,131081.0,146573.0,133230.0,255568.0,136326.0
92376,219415.0,327037.0,219704.0,114336.0,86611.0,11258.0
92377,48345.0,84615.0,98093.0,82619.0,97688.0,18436.0
92392,116950.0,180722.0,186050.0,143190.0,180625.0,20641.0
92394,67713.0,99037.0,93796.0,63377.0,65191.0,8752.0
92395,100503.0,129878.0,114317.0,82695.0,108819.0,283919.0
92397,8589.0,17233.0,23610.0,25381.0,49862.0,18690.0
92399,101585.0,164333.0,186849.0,180040.0,388474.0,181056.0
92401,7466.0,3987.0,4391.0,,,
92404,160716.0,196281.0,131043.0,86163.0,98408.0,40902.0
92405,81177.0,106130.0,65538.0,37602.0,42777.0,
92407,125583.0,195206.0,167892.0,134587.0,178682.0,31696.0
92408,38174.0,44577.0,26645.0,16881.0,18671.0,11407.0
92410,147760.0,141039.0,63662.0,25841.0,17140.0,
92411,81667.0,86129.0,36341.0,11819.0,9216.0,
92501,51885.0,78565.0,65064.0,38871.0,48915.0,38575.0
92503,199367.0,313688.0,269115.0,210175.0,349352.0,121499.0
92504,124808.0,206599.0,172580.0,123615.0,195863.0,103031.0
92505,113045.0,182374.0,148200.0,105472.0,141418.0,29675.0
92506,78124.0,149371.0,168012.0,174695.0,445927.0,455745.0
92507,128855.0,173095.0,126752.0,90557.0,139060.0,56281.0
92508,51239.0,90757.0,118742.0,146453.0,361767.0,104541.0
92509,186859.0,277396.0,207335.0,152868.0,199808.0,36504.0
92518,1528.0,4048.0,7261.0,9304.0,20722.0,
92530,109496.0,168102.0,151024.0,114067.0,153529.0,25010.0
92532,27880.0,56048.0,76652.0,75107.0,127498.0,23428.0
92536,7260.0,12856.0,12606.0,11779.0,23015.0,
92539,9340.0,14027.0,12338.0,9073.0,11798.0,
92543,85264.0,102625.0,61250.0,31837.0,35247.0,18161.0
92544,97609.0,140577.0,131550.0,107098.0,166318.0,76903.0
92545,86045.0,144413.0,136239.0,101253.0,119187.0,27093.0
92548,16334.0,20892.0,14453.0,7472.0,10749.0,
92551,73106.0,122016.0,102259.0,64012.0,59934.0,6344.0
92553,189585.0,276719.0,179154.0,97609.0,85988.0,7363.0
92555,68618.0,133769.0,152034.0,138768.0,211887.0,35756.0
92557,110986.0,193218.0,182007.0,143257.0,221939.0,35912.0
92561,2252.0,3767.0,4593.0,4551.0,12327.0,7678.0
92562,105694.0,180738.0,213281.0,234530.0,552735.0,404242.0
92563,90610.0,184123.0,222545.0,243844.0,428132.0,91883.0
92567,19143.0,33022.0,29615.0,25332.0,34405.0,10068.0
92570,135072.0,157855.0,103559.0,67585.0,98690.0,39174.0
92571,117896.0,203446.0,163563.0,93878.0,75602.0,
92582,29130.0,52687.0,58243.0,43107.0,41243.0,6427.0
92583,70949.0,95815.0,71703.0,51187.0,53617.0,11932.0
92584,64758.0,133272.0,171285.0,170303.0,270332.0,47751.0
92585,37429.0,66792.0,75871.0,63096.0,85326.0,11987.0
92586,54082.0,90368.0,77089.0,60953.0,58197.0,12265.0
92587,30352.0,48989.0,60303.0,65414.0,136229.0,62403.0
92590,10016.0,13523.0,10881.0,7934.0,25639.0,74169.0
92591,70279.0,133055.0,141294.0,146581.0,311843.0,140817.0
92592,100942.0,195329.0,263404.0,315023.0,732675.0,465287.0
92595,62692.0,108190.0,117988.0,104915.0,175000.0,39717.0
92596,33379.0,69871.0,94659.0,97600.0,170426.0,35230.0
92602,25199.0,58371.0,83047.0,99076.0,298938.0,323061.0
92603,19954.0,43461.0,61049.0,68623.0,262498.0,1420409.0
92604,44043.0,85312.0,103666.0,117865.0,320759.0,252670.0
92606,30499.0,61963.0,74858.0,81800.0,247927.0,238588.0
92610,11652.0,24671.0,40419.0,47596.0,188671.0,143426.0
92612,38593.0,75123.0,96301.0,100758.0,253884.0,424659.0
92614,37134.0,78379.0,107225.0,108705.0,288778.0,566210.0
92617,18113.0,21589.0,16570.0,18898.0,64271.0,144018.0
92618,22315.0,59264.0,91276.0,100279.0,268076.0,420384.0
92620,53804.0,104029.0,138966.0,157904.0,535721.0,796091.0
92624,16081.0,27550.0,29300.0,26452.0,70949.0,104341.0
92625,17281.0,37193.0,49223.0,50728.0,174762.0,1276402.0
92626,102534.0,206278.0,209815.0,189640.0,418799.0,350315.0
92627,162394.0,269017.0,216446.0,165609.0,313531.0,249682.0
92629,51207.0,104245.0,111349.0,115687.0,320149.0,675564.0
92630,120532.0,227080.0,248983.0,247524.0,619158.0,378906.0
92637,49773.0,84556.0,93607.0,70426.0,100744.0,47360.0
92646,96530.0,192003.0,239137.0,268862.0,751538.0,502439.0
92647,124536.0,215125.0,223011.0,205851.0,519762.0,248003.0
92648,82227.0,166665.0,203631.0,191503.0,509188.0,1139302.0
92649,55860.0,120610.0,153377.0,158691.0,438765.0,687979.0
92651,37243.0,74264.0,88561.0,93865.0,299669.0,2370612.0
92653,57481.0,105191.0,114315.0,115743.0,313347.0,701717.0
92655,23479.0,30404.0,21727.0,14732.0,17620.0,
92656,67295.0,158036.0,227253.0,257457.0,667671.0,530168.0
92657,9493.0,16649.0,22923.0,28902.0,113293.0,1789232.0
92660,46645.0,93722.0,124900.0,130625.0,413700.0,2825735.0
92661,6843.0,15460.0,17470.0,14375.0,36351.0,230990.0
92662,4599.0,11056.0,12854.0,12006.0,37777.0,112331.0
92663,40209.0,86580.0,99634.0,84081.0,214704.0,871120.0
92672,79148.0,144833.0,139623.0,129135.0,336333.0,469994.0
92673,35186.0,62262.0,77452.0,98634.0,450804.0,783927.0
92675,77772.0,117547.0,106722.0,102670.0,259793.0,838677.0
92676,3194.0,6902.0,7185.0,9305.0,21238.0,25943.0
92677,100296.0,194383.0,230322.0,249626.0,811901.0,1576843.0
92679,34287.0,54392.0,78835.0,104601.0,488719.0,1498573.0
92683,229562.0,338732.0,298335.0,236357.0,457562.0,154642.0
92688,61958.0,133923.0,170661.0,198240.0,628954.0,373062.0
92691,83213.0,155746.0,194136.0,219789.0,595613.0,306786.0
92692,74568.0,135229.0,178383.0,198325.0,687153.0,694839.0
92694,17634.0,40930.0,59100.0,80056.0,361139.0,569163.0
92701,165627.0,193430.0,83853.0,38384.0,39858.0,23505.0
92703,205993.0,256540.0,124241.0,56790.0,40138.0,13368.0
92704,273806.0,388569.0,237806.0,138512.0,148499.0,64011.0
92705,92125.0,152478.0,137506.0,129322.0,405835.0,1061167.0
92706,97128.0,144626.0,98371.0,77650.0,143422.0,104408.0
92707,192728.0,289819.0,168474.0,87033.0,95952.0,50911.0
92708,107788.0,194593.0,222121.0,232973.0,612115.0,379098.0
92780,133969.0,249523.0,209392.0,158382.0,299553.0,166009.0
92782,28251.0,68886.0,100046.0,109645.0,338528.0,575620.0
92801,189650.0,279094.0,180547.0,119421.0,136800.0,44626.0
92802,114675.0,171684.0,117691.0,79577.0,106915.0,52283.0
92804,219933.0,337148.0,261796.0,188439.0,249793.0,49863.0
92805,198832.0,289969.0,187054.0,117555.0,131154.0,120201.0
92806,94214.0,167018.0,142890.0,113163.0,178393.0,91284.0
92807,60498.0,120778.0,147287.0,168750.0,469451.0,490070.0
92808,23932.0,50632.0,76329.0,95225.0,307418.0,300471.0
92821,66595.0,132212.0,149935.0,161264.0,409043.0,200285.0
92823,5225.0,8269.0,11176.0,13658.0,56267.0,40678.0
92831,73451.0,128665.0,113560.0,93566.0,219192.0,234653.0
92832,58805.0,104007.0,80502.0,62196.0,92224.0,38749.0
92833,105090.0,188247.0,180977.0,165066.0,336759.0,228128.0
92835,37959.0,78715.0,91066.0,92235.0,317128.0,422875.0
92840,137937.0,220536.0,183576.0,135287.0,179994.0,30330.0
92841,82767.0,130324.0,103447.0,78630.0,116534.0,47662.0
92843,125276.0,178550.0,123800.0,72728.0,79375.0,19185.0
92844,64539.0,92975.0,68883.0,41464.0,53554.0,13637.0
92845,27619.0,55590.0,73961.0,90386.0,217681.0,51739.0
92860,48841.0,80777.0,88087.0,97416.0,219356.0,131240.0
92861,7912.0,13525.0,15775.0,19091.0,81295.0,358139.0
92865,40194.0,76400.0,80106.0,78331.0,191448.0,60124.0
92866,38408.0,69904.0,59170.0,49394.0,88111.0,40834.0
92867,100121.0,140804.0,138473.0,141725.0,396762.0,529677.0
92868,54067.0,109748.0,94950.0,71550.0,90329.0,36686.0
92869,78681.0,125127.0,136849.0,135112.0,401456.0,472531.0
92870,111109.0,176744.0,188775.0,186797.0,520599.0,228948.0
92879,111007.0,173174.0,180997.0,144991.0,211820.0,66711.0
92880,88626.0,166738.0,210043.0,264658.0,630387.0,137544.0
92881,46787.0,76713.0,99963.0,122261.0,314954.0,181454.0
92882,139907.0,230397.0,230484.0,217414.0,464796.0,174577.0
92883,39323.0,79557.0,116752.0,137521.0,335403.0,138441.0
92886,68304.0,123788.0,160230.0,196694.0,656812.0,965428.0
92887,30241.0,49376.0,63995.0,75655.0,318677.0,500478.0
93001,80202.0,137700.0,120610.0,94539.0,180881.0,217258.0
93003,94018.0,190611.0,228148.0,215540.0,448891.0,274141.0
93004,50278.0,99840.0,119794.0,131687.0,301146.0,90790.0
93010,77841.0,148368.0,176410.0,185859.0,464043.0,438806.0
93012,49614.0,97728.0,142199.0,149765.0,468133.0,490352.0
93013,38705.0,67329.0,61372.0,55261.0,113996.0,157028.0
93015,45170.0,67363.0,53497.0,49748.0,73069.0,21351.0
93021,70184.0,113790.0,122295.0,131501.0,448141.0,365801.0
93022,12414.0,23094.0,27896.0,24644.0,54425.0,30225.0
93023,40203.0,69268.0,72974.0,67287.0,162246.0,220558.0
93030,190957.0,260280.0,160490.0,134360.0,206098.0,165781.0
93033,304604.0,527240.0,206177.0,113896.0,105588.0,21250.0
93035,56199.0,113675.0,118969.0,114601.0,227953.0,191664.0
93036,100657.0,169878.0,133561.0,109773.0,203548.0,77723.0
93041,53383.0,100759.0,80321.0,60778.0,69096.0,15790.0
93060,95279.0,147572.0,95335.0,68226.0,102217.0,84534.0
93063,96912.0,189907.0,226375.0,243074.0,629379.0,276400.0
93065,133232.0,237109.0,273419.0,301108.0,802385.0,581206.0
93066,7289.0,12412.0,11106.0,12304.0,33366.0,84963.0
93101,80786.0,147505.0,106384.0,76588.0,133050.0,242841.0
93103,45192.0,78905.0,61106.0,47072.0,110395.0,180642.0
93105,42974.0,92574.0,111712.0,105223.0,281162.0,432258.0
93108,13838.0,23365.0,30467.0,32787.0,117013.0,1008912.0
93109,18704.0,35941.0,45193.0,40706.0,110164.0,244463.0
93110,27967.0,61732.0,67520.0,56274.0,136293.0,395574.0
93111,31266.0,65983.0,77468.0,79333.0,218794.0,267890.0
93117,73681.0,134697.0,126852.0,120396.0,275352.0,222611.0
93202,10353.0,19069.0,10326.0,3804.0,5847.0,
93203,92462.0,88232.0,28241.0,9742.0,10410.0,
93204,39488.0,34249.0,15510.0,5725.0,5411.0,
93205,4653.0,5930.0,3970.0,3386.0,3619.0,
93206,6229.0,10577.0,5412.0,2883.0,8357.0,
93207,527.0,3954.0,,,,
93210,27634.0,45311.0,39561.0,34527.0,48831.0,16829.0
93212,31236.0,57017.0,30958.0,17092.0,19685.0,14679.0
93215,153506.0,155182.0,82948.0,48081.0,49918.0,34403.0
93219,38549.0,33102.0,9797.0,4806.0,,
93221,30427.0,47479.0,44874.0,36558.0,70120.0,67633.0
93223,29430.0,34525.0,14498.0,7296.0,5088.0,
93224,827.0,1344.0,3389.0,,2994.0,
93225,10576.0,17860.0,21589.0,16639.0,30440.0,
93226,349.0,5575.0,,,,0.0
93230,130229.0,233022.0,199251.0,167016.0,262996.0,136011.0
93235,14281.0,16741.0,5979.0,5988.0,,
93238,3986.0,5589.0,7408.0,5813.0,12046.0,
93239,6376.0,5854.0,3195.0,,,0.0
93240,12798.0,17772.0,16320.0,14038.0,23861.0,
93241,64947.0,59593.0,18104.0,5781.0,6315.0,
93242,9412.0,15957.0,8868.0,3906.0,11264.0,
93243,3371.0,4932.0,4978.0,4079.0,7932.0,
93244,1122.0,1690.0,2044.0,1922.0,5852.0,
93245,69801.0,146208.0,134610.0,117287.0,154788.0,48210.0
93247,51747.0,53077.0,28313.0,15555.0,23123.0,9799.0
93249,13598.0,13247.0,5434.0,,,
93250,39871.0,47477.0,19894.0,9171.0,12565.0,
93252,2666.0,4802.0,5520.0,3501.0,7016.0,
93254,1701.0,3402.0,7044.0,,,
93255,1309.0,1495.0,5040.0,,,
93256,14295.0,22790.0,5892.0,2344.0,4668.0,
93257,182531.0,228374.0,161823.0,118036.0,157512.0,69528.0
93263,48751.0,79221.0,45735.0,34255.0,35379.0,16942.0
93265,6348.0,12532.0,15885.0,15836.0,32807.0,17960.0
93266,4469.0,7452.0,4978.0,,3847.0,
93267,17626.0,21451.0,9640.0,7368.0,13168.0,
93268,32292.0,46724.0,51458.0,45027.0,68219.0,60922.0
93270,20073.0,22457.0,11326.0,7487.0,13961.0,
93271,4497.0,8874.0,10721.0,8700.0,17601.0,8677.0
93272,7312.0,19860.0,5906.0,2248.0,6558.0,
93274,147391.0,253629.0,180130.0,129462.0,175175.0,134097.0
93277,103644.0,178379.0,176610.0,152043.0,246439.0,124402.0
93280,58971.0,78589.0,45548.0,27834.0,26713.0,14606.0
93283,4164.0,5240.0,4550.0,3284.0,3017.0,0.0
93285,5667.0,7608.0,6651.0,4803.0,7845.0,
93286,24952.0,32248.0,19336.0,12550.0,12283.0,11817.0
93291,109954.0,153158.0,125176.0,114858.0,228440.0,273154.0
93292,78581.0,132885.0,127197.0,105211.0,170610.0,73692.0
93301,32278.0,37298.0,27593.0,19982.0,35246.0,62627.0
93304,132949.0,159484.0,96543.0,52636.0,44394.0,19221.0
93305,98884.0,96321.0,56054.0,34652.0,40566.0,27332.0
93306,145237.0,218109.0,197606.0,160386.0,274570.0,161037.0
93307,220412.0,255774.0,137518.0,65259.0,60747.0,26037.0
93308,103203.0,162164.0,168457.0,141187.0,231905.0,149829.0
93309,138990.0,229361.0,191676.0,142032.0,234391.0,254866.0
93311,58523.0,117842.0,161141.0,168898.0,388155.0,457069.0
93312,73282.0,145022.0,232749.0,283866.0,600529.0,255025.0
93313,85963.0,158682.0,172423.0,138074.0,178977.0,53885.0
93314,30278.0,52392.0,77658.0,102798.0,305015.0,271681.0
93401,57036.0,100581.0,103480.0,90311.0,225388.0,243127.0
93402,29812.0,55941.0,63185.0,56565.0,94819.0,42432.0
93405,34868.0,52760.0,53581.0,56610.0,114925.0,176765.0
93420,50489.0,96321.0,108920.0,114497.0,258300.0,229127.0
93422,54751.0,109256.0,123611.0,116455.0,238685.0,93192.0
93426,1793.0,4362.0,3862.0,4020.0,10743.0,
93427,11724.0,23765.0,25086.0,23813.0,52442.0,26012.0
93428,15949.0,25709.0,28750.0,24110.0,52733.0,47316.0
93430,7281.0,11994.0,12175.0,12648.0,21985.0,57852.0
93432,2460.0,5809.0,6633.0,6101.0,19531.0,
93433,30288.0,52015.0,45173.0,40879.0,57238.0,19321.0
93434,21910.0,29526.0,16088.0,8502.0,11171.0,
93436,103841.0,191894.0,183055.0,161451.0,283672.0,75076.0
93437,6639.0,15269.0,13704.0,9554.0,6665.0,
93442,23163.0,44203.0,44446.0,37664.0,62606.0,35498.0
93444,39902.0,72551.0,79306.0,73122.0,150775.0,115585.0
93445,16491.0,26092.0,18585.0,13607.0,17511.0,
93446,91018.0,150749.0,156204.0,155214.0,262069.0,241167.0
93449,14552.0,29663.0,34869.0,35366.0,82866.0,85494.0
93450,1223.0,2656.0,27964.0,,,
93451,9152.0,16165.0,14097.0,10873.0,16008.0,10493.0
93452,1327.0,3045.0,3774.0,,,
93453,6037.0,11709.0,12272.0,12450.0,23225.0,
93454,96652.0,137599.0,112390.0,83672.0,117270.0,68979.0
93455,73791.0,142189.0,175881.0,184972.0,367041.0,190178.0
93458,213090.0,204979.0,93168.0,57848.0,53190.0,10172.0
93460,11599.0,21667.0,20432.0,20989.0,62481.0,175962.0
93461,4165.0,8016.0,4894.0,8821.0,,
93463,12391.0,23512.0,26907.0,26470.0,73862.0,102780.0
93465,17683.0,30925.0,37864.0,38195.0,95481.0,81707.0
93501,10561.0,14229.0,13342.0,9308.0,11803.0,
93505,20713.0,28926.0,39444.0,28997.0,52749.0,5641.0
93510,12850.0,24821.0,28292.0,35519.0,109604.0,60595.0
93513,3588.0,7010.0,8740.0,7630.0,11505.0,
93514,26623.0,50023.0,51132.0,48784.0,88888.0,30445.0
93516,3562.0,4635.0,6944.0,4935.0,7269.0,
93517,2072.0,3414.0,3329.0,2923.0,7050.0,
93518,2071.0,3548.0,4070.0,3142.0,8036.0,
93523,3648.0,14695.0,15255.0,12404.0,21479.0,
93526,1540.0,3256.0,3485.0,3950.0,4168.0,
93527,3886.0,6378.0,9944.0,9217.0,22700.0,
93531,749.0,1591.0,2158.0,2260.0,7742.0,24534.0
93532,5446.0,9900.0,12780.0,14345.0,26935.0,
93534,96881.0,136011.0,104886.0,68970.0,85644.0,32432.0
93535,172818.0,243451.0,194522.0,128531.0,148010.0,17735.0
93536,111158.0,195688.0,247104.0,264208.0,552324.0,168330.0
93543,30758.0,42636.0,36368.0,25472.0,44793.0,
93544,2229.0,2726.0,3984.0,3320.0,8639.0,
93545,4355.0,7772.0,7405.0,6301.0,12652.0,
93546,25136.0,43348.0,30487.0,25546.0,52546.0,37879.0
93550,186036.0,258057.0,188028.0,120500.0,123087.0,11544.0
93551,85010.0,150075.0,194739.0,219381.0,532312.0,197697.0
93552,81555.0,139577.0,131458.0,91973.0,102491.0,8216.0
93553,3953.0,5905.0,6526.0,5801.0,14275.0,
93555,54585.0,102126.0,138732.0,137623.0,258248.0,59394.0
93560,36096.0,65146.0,70897.0,66393.0,107475.0,14411.0
93561,46231.0,76305.0,110870.0,114068.0,222542.0,58351.0
93562,3136.0,3706.0,7311.0,5421.0,6475.0,
93591,16236.0,20508.0,15068.0,10618.0,11342.0,
93601,4662.0,6446.0,7650.0,7494.0,15380.0,
93602,6691.0,11266.0,15002.0,14227.0,25238.0,6239.0
93604,1676.0,3271.0,2568.0,3193.0,9551.0,
93608,4687.0,6715.0,1490.0,,,
93609,17456.0,23025.0,12351.0,10206.0,9561.0,21407.0
93610,40708.0,61322.0,44008.0,31977.0,51458.0,29749.0
93611,72328.0,140031.0,186752.0,203401.0,423857.0,167826.0
93612,87032.0,139326.0,103721.0,70381.0,82299.0,17609.0
93614,21269.0,40520.0,49931.0,45732.0,77055.0,30115.0
93615,23602.0,17473.0,5816.0,5064.0,,
93616,9001.0,10213.0,4167.0,2462.0,5658.0,
93618,87670.0,97592.0,59423.0,37065.0,37969.0,14451.0
93619,35609.0,67216.0,109863.0,135516.0,430092.0,411561.0
93620,21125.0,36117.0,23699.0,14321.0,17359.0,9959.0
93621,877.0,1790.0,5767.0,,,
93622,28516.0,42433.0,18294.0,9253.0,10380.0,37283.0
93625,18137.0,28940.0,24175.0,19549.0,30896.0,12484.0
93626,2444.0,4538.0,4915.0,5317.0,10844.0,82946.0
93628,686.0,3062.0,,,,0.0
93630,46794.0,70858.0,49599.0,31143.0,42944.0,23078.0
93631,33317.0,58915.0,58154.0,51323.0,96719.0,80973.0
93635,89411.0,147984.0,129266.0,90079.0,118062.0,42241.0
93636,19086.0,37353.0,46511.0,53143.0,98826.0,53025.0
93637,88165.0,138785.0,110330.0,82142.0,104556.0,63618.0
93638,193181.0,152871.0,80706.0,43881.0,52092.0,18289.0
93640,58355.0,47919.0,11901.0,13429.0,,
93641,881.0,1385.0,4618.0,,,
93643,6174.0,11872.0,11777.0,10971.0,18961.0,
93644,21440.0,35292.0,33051.0,28749.0,43456.0,32364.0
93645,528.0,1184.0,8802.0,,,
93646,32483.0,30241.0,10689.0,4225.0,18278.0,
93647,39797.0,34249.0,14848.0,5546.0,8535.0,
93648,58140.0,50869.0,17911.0,8191.0,6908.0,
93650,12725.0,16005.0,7304.0,4134.0,10972.0,
93651,3359.0,6205.0,7847.0,8793.0,17460.0,15224.0
93652,2643.0,6291.0,,,,0.0
93653,1879.0,3836.0,3075.0,4395.0,8153.0,
93654,93458.0,108221.0,76059.0,57256.0,82911.0,36305.0
93656,14632.0,26765.0,14939.0,9088.0,7885.0,11296.0
93657,88416.0,125168.0,99202.0,72997.0,113544.0,70678.0
93660,14299.0,21308.0,14383.0,,,
93662,93738.0,112383.0,72472.0,48899.0,58886.0,31688.0
93664,1549.0,2730.0,3431.0,3331.0,9327.0,7126.0
93667,3902.0,8364.0,9303.0,11052.0,17012.0,
93668,2756.0,5300.0,2683.0,7462.0,,
93669,1277.0,,3567.0,,,
93675,6520.0,12427.0,13942.0,11520.0,16324.0,
93701,33626.0,19335.0,5285.0,5655.0,,
93702,141825.0,121682.0,43006.0,14958.0,18209.0,
93703,88042.0,100220.0,49096.0,23039.0,21012.0,
93704,63793.0,107746.0,98569.0,75947.0,135081.0,115765.0
93705,97010.0,126415.0,84024.0,45277.0,44612.0,
93706,111784.0,105111.0,44908.0,27340.0,32166.0,32251.0
93710,66523.0,104407.0,98457.0,77808.0,96907.0,23696.0
93711,67592.0,136061.0,149914.0,153959.0,373071.0,700443.0
93720,72155.0,147597.0,194821.0,204475.0,478636.0,345367.0
93721,11888.0,10911.0,5601.0,3417.0,5785.0,10915.0
93722,165653.0,291547.0,269611.0,201999.0,255873.0,94637.0
93723,15594.0,30814.0,29632.0,32594.0,54734.0,33129.0
93725,71290.0,85407.0,47296.0,25467.0,27110.0,23943.0
93726,109410.0,149890.0,94217.0,54567.0,49899.0,
93727,158482.0,242391.0,203342.0,149543.0,180803.0,80047.0
93728,42948.0,60922.0,35235.0,17999.0,20453.0,
93730,10921.0,21362.0,36209.0,42490.0,139007.0,256530.0
93901,62972.0,101612.0,98549.0,79771.0,168492.0,123728.0
93905,299128.0,255355.0,115134.0,56483.0,58553.0,9705.0
93906,146290.0,234663.0,199168.0,150635.0,215789.0,46675.0
93907,41260.0,76460.0,84357.0,79246.0,168938.0,79229.0
93908,18206.0,30920.0,38092.0,49233.0,201332.0,407795.0
93920,4365.0,8615.0,5372.0,1991.0,7688.0,
93923,15082.0,29960.0,39735.0,45631.0,132210.0,345731.0
93924,10820.0,19562.0,24498.0,25423.0,74942.0,123165.0
93925,5490.0,10164.0,5827.0,2673.0,11744.0,
93926,28286.0,47602.0,33202.0,21053.0,24251.0,13745.0
93927,66661.0,74649.0,45509.0,24031.0,25902.0,21991.0
93930,60919.0,65243.0,37275.0,29555.0,42502.0,23156.0
93933,49135.0,96387.0,95661.0,69225.0,114461.0,19531.0
93940,52498.0,115266.0,145236.0,128121.0,256809.0,388512.0
93950,28987.0,65673.0,78356.0,69968.0,153786.0,202903.0
93953,4670.0,11669.0,16040.0,20443.0,70680.0,293875.0
93955,80922.0,147320.0,112510.0,83632.0,110566.0,32460.0
93960,48109.0,69865.0,52367.0,38460.0,45441.0,984069.0
94002,35462.0,82686.0,111197.0,111441.0,400813.0,697589.0
94005,7136.0,17292.0,24342.0,22651.0,79394.0,101589.0
94010,53503.0,114964.0,147905.0,145003.0,481672.0,3707220.0
94014,102029.0,235446.0,207494.0,158884.0,257847.0,74009.0
94015,119081.0,285792.0,303894.0,264849.0,504801.0,145144.0
94019,27458.0,50180.0,56530.0,53672.0,171833.0,394000.0
94020,1924.0,4711.0,7607.0,8066.0,23468.0,26931.0
94021,1102.0,,6149.0,,,
94022,18721.0,35178.0,49326.0,55537.0,252012.0,3171259.0
94024,20350.0,34968.0,49346.0,66620.0,300621.0,2322363.0
94025,50854.0,114988.0,133666.0,129756.0,493349.0,3176039.0
94027,6435.0,10460.0,14097.0,14416.0,67754.0,3008207.0
94028,7070.0,12328.0,15936.0,19429.0,84611.0,1475602.0
94030,35297.0,81058.0,96465.0,94938.0,294729.0,304528.0
94038,5151.0,9621.0,10633.0,9983.0,40389.0,44500.0
94040,50654.0,106424.0,108125.0,131399.0,430738.0,858337.0
94041,23531.0,48795.0,56342.0,61188.0,202157.0,429221.0
94043,43307.0,103986.0,125114.0,136215.0,445377.0,605535.0
94044,61015.0,143735.0,181334.0,190735.0,538559.0,299733.0
94060,6252.0,6628.0,5679.0,3530.0,8835.0,14401.0
94061,66168.0,136392.0,141160.0,134757.0,381975.0,479622.0
94062,34577.0,68128.0,87679.0,93090.0,350871.0,2694073.0
94063,75686.0,129582.0,96053.0,65235.0,116242.0,74697.0
94065,10046.0,26935.0,39815.0,54512.0,237015.0,713202.0
94066,83469.0,194187.0,209536.0,184973.0,429708.0,247459.0
94070,35992.0,79729.0,106269.0,122931.0,494819.0,1196486.0
94074,340.0,1016.0,6560.0,,,
94080,128486.0,286911.0,304404.0,264023.0,607667.0,331946.0
94085,41092.0,82644.0,87657.0,93307.0,265097.0,153423.0
94086,76840.0,158250.0,205037.0,223627.0,633105.0,597595.0
94087,68852.0,133719.0,172589.0,195428.0,812335.0,1471601.0
94089,37704.0,79785.0,89781.0,103168.0,247067.0,146495.0
94102,74668.0,141309.0,107818.0,73242.0,135467.0,149616.0
94103,62090.0,122145.0,101145.0,85351.0,210861.0,315049.0
94104,4094.0,9427.0,10554.0,7051.0,31327.0,314574.0
94105,7493.0,21737.0,36413.0,45847.0,166243.0,845029.0
94107,39066.0,90705.0,133809.0,149436.0,504042.0,920875.0
94108,34136.0,60079.0,54482.0,39740.0,76008.0,617394.0
94109,117935.0,279971.0,308238.0,264985.0,574684.0,1130818.0
94110,172425.0,362156.0,323129.0,270885.0,664981.0,767338.0
94111,6982.0,14432.0,18547.0,22292.0,77250.0,1314622.0
94112,204293.0,389007.0,320680.0,231615.0,427407.0,191676.0
94114,52989.0,150586.0,210736.0,210880.0,583887.0,1443811.0
94115,60396.0,148964.0,169260.0,154037.0,383495.0,2105902.0
94116,87417.0,175830.0,197395.0,181582.0,455843.0,561705.0
94117,75970.0,193148.0,226037.0,193195.0,481098.0,971499.0
94118,71656.0,160424.0,184047.0,157740.0,393326.0,1787678.0
94121,86459.0,182014.0,205302.0,174236.0,385501.0,793991.0
94122,119915.0,258699.0,282522.0,243493.0,567362.0,499900.0
94123,28372.0,90086.0,154614.0,167497.0,436544.0,2022317.0
94124,94236.0,161334.0,117573.0,71661.0,91375.0,30079.0
94127,26857.0,57107.0,72102.0,81856.0,315370.0,774310.0
94129,5250.0,13938.0,16252.0,13691.0,36895.0,332675.0
94130,5422.0,9966.0,4763.0,2420.0,6384.0,
94131,40987.0,108789.0,150983.0,157333.0,439612.0,837483.0
94132,51251.0,99767.0,106849.0,97243.0,223230.0,184328.0
94133,62499.0,111593.0,118281.0,97571.0,229776.0,779777.0
94134,104568.0,195192.0,167156.0,115024.0,187741.0,59072.0
94158,4657.0,16949.0,19105.0,21125.0,79370.0,120475.0
94301,16892.0,39794.0,54742.0,61960.0,233976.0,2653694.0
94303,90234.0,165643.0,122893.0,102271.0,331351.0,2080750.0
94304,2519.0,8651.0,18580.0,17606.0,62836.0,821484.0
94305,12064.0,34594.0,12576.0,12055.0,50506.0,551488.0
94306,32796.0,73120.0,89073.0,97031.0,377639.0,1503039.0
94401,73865.0,143747.0,140852.0,131903.0,266513.0,227517.0
94402,33917.0,74094.0,95826.0,100361.0,348329.0,1176090.0
94403,67741.0,145154.0,181789.0,177373.0,523895.0,1141393.0
94404,38140.0,90652.0,138957.0,180295.0,593896.0,768069.0
94501,115781.0,265309.0,312297.0,256634.0,585234.0,449677.0
94502,16037.0,35306.0,51329.0,65668.0,240121.0,277738.0
94503,32586.0,70951.0,80398.0,74886.0,191696.0,54415.0
94505,15261.0,35251.0,51648.0,64690.0,200749.0,118542.0
94506,19016.0,32995.0,46666.0,64901.0,350670.0,1683473.0
94507,15413.0,27978.0,35470.0,46868.0,212743.0,1398835.0
94508,4938.0,11489.0,10838.0,10863.0,23709.0,33888.0
94509,139770.0,252369.0,234915.0,194713.0,299979.0,58523.0
94510,44235.0,91347.0,113986.0,128476.0,411826.0,269221.0
94513,82703.0,145118.0,201503.0,250294.0,691655.0,271309.0
94514,2723.0,5320.0,3328.0,4580.0,17260.0,
94515,17057.0,32665.0,28859.0,19021.0,41464.0,83866.0
94517,15717.0,30028.0,40855.0,58028.0,241793.0,222467.0
94518,50086.0,104273.0,110892.0,111416.0,288683.0,152105.0
94519,34998.0,77268.0,88775.0,89163.0,159799.0,31254.0
94520,101180.0,177435.0,120535.0,88569.0,105671.0,39383.0
94521,68403.0,147008.0,184868.0,194848.0,519493.0,227126.0
94523,54711.0,117543.0,158116.0,166131.0,460241.0,302374.0
94525,6471.0,14985.0,16778.0,13548.0,31943.0,8280.0
94526,36100.0,67562.0,105444.0,123355.0,552865.0,1226531.0
94530,42871.0,100138.0,127576.0,114877.0,315694.0,232686.0
94531,66770.0,137083.0,162833.0,182802.0,405955.0,108143.0
94533,156162.0,288669.0,265657.0,212390.0,344023.0,84874.0
94534,50864.0,106074.0,151451.0,179822.0,517010.0,348806.0
94535,18963.0,22356.0,14984.0,11709.0,12447.0,
94536,105552.0,223321.0,267423.0,283885.0,823851.0,574182.0
94538,109199.0,230795.0,265458.0,260943.0,640191.0,279815.0
94539,50417.0,93895.0,130220.0,161234.0,805682.0,1857398.0
94541,141273.0,284030.0,243753.0,169131.0,272540.0,65898.0
94542,18623.0,40645.0,49716.0,45264.0,139094.0,143572.0
94544,174489.0,339456.0,286448.0,197778.0,292173.0,103418.0
94545,65258.0,142022.0,143755.0,112375.0,207310.0,84573.0
94546,76076.0,171136.0,211218.0,197027.0,476834.0,205212.0
94547,35463.0,86731.0,117596.0,123189.0,316149.0,109089.0
94549,30495.0,62204.0,85970.0,96434.0,418502.0,1616812.0
94550,64486.0,128002.0,159269.0,201722.0,743212.0,769789.0
94551,69297.0,135090.0,157671.0,175063.0,507412.0,225504.0
94552,16491.0,31787.0,46352.0,61296.0,274285.0,279466.0
94553,80989.0,177195.0,229574.0,228138.0,568753.0,288074.0
94555,41907.0,85611.0,112772.0,138332.0,490916.0,406811.0
94556,15172.0,29148.0,47667.0,56423.0,236628.0,762888.0
94558,137609.0,268856.0,275395.0,242607.0,576358.0,643241.0
94559,64382.0,127106.0,105617.0,88805.0,168491.0,135755.0
94560,83702.0,173658.0,186174.0,170611.0,400590.0,161628.0
94561,63324.0,123913.0,149569.0,161187.0,317987.0,57840.0
94563,18457.0,32555.0,47329.0,56963.0,281799.0,1616617.0
94564,35931.0,79715.0,98053.0,91398.0,192031.0,48281.0
94565,196056.0,368399.0,325436.0,258045.0,374942.0,68203.0
94566,53581.0,98759.0,129996.0,152638.0,646223.0,1647134.0
94567,1481.0,2422.0,2513.0,2237.0,90865.0,
94568,52666.0,116564.0,174440.0,205191.0,705224.0,569361.0
94571,16514.0,34982.0,43207.0,42231.0,67273.0,22248.0
94572,17817.0,34225.0,37428.0,36342.0,60848.0,14463.0
94574,16527.0,35167.0,30745.0,30005.0,82624.0,306566.0
94576,447.0,8516.0,,,,
94577,97883.0,216639.0,216860.0,180303.0,334438.0,171592.0
94578,91784.0,187955.0,163211.0,106491.0,153171.0,35144.0
94579,44688.0,91828.0,99903.0,84123.0,150400.0,40215.0
94580,56037.0,124561.0,138699.0,118002.0,176740.0,21830.0
94582,27637.0,59269.0,85440.0,119305.0,669159.0,1097349.0
94583,44947.0,95840.0,143974.0,173135.0,739425.0,1821854.0
94585,53280.0,116540.0,134541.0,117954.0,182162.0,30093.0
94586,1788.0,4109.0,4880.0,5230.0,14697.0,24601.0
94587,134005.0,265825.0,279494.0,260362.0,637698.0,422813.0
94588,36885.0,76350.0,113267.0,141072.0,544228.0,737272.0
94589,68239.0,138224.0,125518.0,90271.0,105431.0,22134.0
94590,92785.0,160339.0,128443.0,88411.0,124143.0,30134.0
94591,99913.0,212802.0,252893.0,228706.0,510546.0,166378.0
94592,886.0,2268.0,3310.0,3487.0,9766.0,6448.0
94595,32161.0,70485.0,96146.0,90679.0,240908.0,275105.0
94596,35850.0,83424.0,101586.0,92630.0,280259.0,1848910.0
94597,34416.0,83076.0,113762.0,108828.0,309644.0,260662.0
94598,31973.0,69133.0,101468.0,122928.0,464127.0,790214.0
94599,7396.0,15578.0,16120.0,11860.0,24647.0,43155.0
94601,134833.0,211097.0,123457.0,63957.0,72683.0,20774.0
94602,52307.0,116023.0,124777.0,112355.0,304940.0,260555.0
94603,89946.0,150901.0,100594.0,47216.0,40266.0,6082.0
94605,95971.0,171464.0,174498.0,136849.0,276053.0,110749.0
94606,106406.0,177905.0,119335.0,61205.0,85166.0,31312.0
94607,65009.0,94016.0,75305.0,63662.0,109472.0,72431.0
94608,69641.0,127484.0,127944.0,110877.0,193882.0,109464.0
94609,58559.0,111550.0,91422.0,61593.0,130826.0,70853.0
94610,56449.0,158274.0,182499.0,138848.0,309467.0,550245.0
94611,53298.0,129898.0,157938.0,151588.0,537279.0,1768443.0
94612,37940.0,74048.0,60939.0,40374.0,68466.0,64688.0
94618,19705.0,53361.0,67213.0,78954.0,265862.0,712276.0
94619,51163.0,103979.0,110021.0,94921.0,235173.0,228431.0
94621,86193.0,121295.0,71612.0,26805.0,26414.0,
94702,35902.0,73697.0,81643.0,68990.0,148574.0,58612.0
94703,44051.0,85750.0,78345.0,70612.0,154070.0,93194.0
94704,29192.0,46693.0,33485.0,27488.0,46681.0,52462.0
94705,23479.0,46437.0,54255.0,54625.0,169150.0,594507.0
94706,29333.0,65562.0,85116.0,80140.0,235492.0,141804.0
94707,16586.0,35234.0,46500.0,57103.0,228267.0,614845.0
94708,13391.0,28336.0,39589.0,45502.0,213869.0,468636.0
94709,23161.0,46670.0,41029.0,34319.0,85268.0,91158.0
94710,18148.0,32788.0,28779.0,24064.0,47132.0,41394.0
94801,70516.0,116857.0,77551.0,45201.0,69770.0,251892.0
94803,46465.0,100406.0,117208.0,104454.0,227766.0,85732.0
94804,90345.0,179021.0,157421.0,105773.0,153985.0,40786.0
94805,28714.0,61953.0,65773.0,54310.0,93846.0,32769.0
94806,134817.0,275689.0,235237.0,157619.0,196305.0,38395.0
94901,82615.0,143202.0,124563.0,115210.0,361917.0,936339.0
94903,46851.0,95263.0,118189.0,128268.0,389158.0,517719.0
94904,15702.0,32841.0,45190.0,48063.0,147560.0,921632.0
94920,13499.0,25698.0,34475.0,41658.0,155605.0,1754989.0
94922,1182.0,1856.0,3060.0,,8197.0,
94923,2448.0,5488.0,6034.0,4952.0,16412.0,15570.0
94924,3457.0,5911.0,4980.0,3509.0,10473.0,10484.0
94925,11653.0,26286.0,31639.0,35690.0,137083.0,370246.0
94928,84583.0,168554.0,169529.0,155675.0,252728.0,59108.0
94930,14121.0,28931.0,33955.0,36312.0,112916.0,93697.0
94931,19079.0,39619.0,43455.0,37424.0,72784.0,23633.0
94937,2063.0,4191.0,3344.0,3825.0,9972.0,18254.0
94939,8183.0,20273.0,28613.0,30249.0,86779.0,553574.0
94941,37256.0,79012.0,101916.0,110687.0,395255.0,2111612.0
94945,28437.0,57910.0,69589.0,71837.0,223755.0,281997.0
94946,1025.0,1606.0,1467.0,2234.0,6980.0,44505.0
94947,39538.0,86345.0,99196.0,100283.0,289759.0,267019.0
94949,30905.0,59559.0,67034.0,64609.0,207924.0,271849.0
94951,8761.0,16746.0,16738.0,18548.0,40840.0,40071.0
94952,59704.0,126717.0,127013.0,127376.0,301083.0,322791.0
94954,68228.0,139190.0,156943.0,165470.0,382927.0,174250.0
94956,4225.0,7755.0,7190.0,5809.0,13072.0,23777.0
94960,19976.0,38584.0,56691.0,50028.0,209497.0,508698.0
94965,28196.0,38403.0,44044.0,51061.0,156424.0,456920.0
95003,37035.0,73067.0,92061.0,104053.0,291309.0,377997.0
95004,7185.0,15680.0,16914.0,16428.0,36529.0,20249.0
95005,11277.0,20924.0,24305.0,26490.0,76791.0,40660.0
95006,14762.0,29137.0,34873.0,42294.0,116877.0,89534.0
95008,77671.0,159193.0,193452.0,190851.0,565741.0,687488.0
95010,22866.0,47835.0,50116.0,42921.0,77421.0,63064.0
95012,37252.0,48865.0,29584.0,16696.0,20530.0,9769.0
95014,57248.0,105069.0,155468.0,201071.0,922901.0,2282863.0
95017,2401.0,3457.0,2849.0,3273.0,26953.0,
95018,13844.0,28466.0,35017.0,36435.0,78041.0,37786.0
95019,28123.0,38958.0,23178.0,13189.0,13669.0,15130.0
95020,115066.0,177200.0,170939.0,171629.0,494665.0,421598.0
95023,98842.0,160194.0,166983.0,149485.0,344983.0,184768.0
95030,14687.0,26092.0,38213.0,43798.0,168336.0,1640939.0
95032,30793.0,62760.0,90405.0,96476.0,372847.0,1666685.0
95033,11733.0,20500.0,24637.0,31720.0,134861.0,329037.0
95035,111570.0,232013.0,255760.0,264309.0,735231.0,574369.0
95037,73813.0,127421.0,140985.0,155580.0,550387.0,730599.0
95039,4742.0,7624.0,6480.0,3674.0,11908.0,
95043,1345.0,2622.0,2701.0,1809.0,5793.0,
95045,9224.0,16402.0,14945.0,12623.0,34211.0,27005.0
95046,16113.0,24822.0,21172.0,21003.0,52820.0,97403.0
95050,65973.0,138665.0,151046.0,138902.0,384226.0,275915.0
95051,85490.0,184540.0,231178.0,251479.0,740904.0,619093.0
95054,37391.0,69486.0,80130.0,107811.0,400507.0,590082.0
95060,89817.0,143021.0,138051.0,137260.0,352032.0,600692.0
95062,80981.0,149631.0,136475.0,125274.0,263795.0,193325.0
95064,2591.0,3003.0,3699.0,3099.0,13379.0,
95065,14868.0,25584.0,31798.0,30362.0,92500.0,90240.0
95066,21202.0,41058.0,51631.0,57298.0,196796.0,282584.0
95070,33293.0,56082.0,77969.0,101201.0,431085.0,3046506.0
95073,23152.0,42982.0,45745.0,38966.0,109143.0,148184.0
95075,1053.0,2304.0,2173.0,3098.0,5844.0,6862.0
95076,251997.0,323099.0,227165.0,168342.0,274810.0,233354.0
95110,40613.0,79061.0,67961.0,58483.0,109501.0,84365.0
95111,140173.0,243527.0,188868.0,135786.0,214257.0,58733.0
95112,120656.0,201141.0,164625.0,132469.0,262905.0,176516.0
95113,4581.0,7465.0,7673.0,7322.0,18212.0,48154.0
95116,131815.0,216280.0,137381.0,86125.0,96369.0,30712.0
95117,66092.0,120012.0,101449.0,89068.0,220388.0,188287.0
95118,53751.0,105481.0,120927.0,125325.0,408794.0,302832.0
95119,15913.0,31324.0,38383.0,44058.0,144308.0,70003.0
95120,36949.0,65638.0,90603.0,112572.0,622212.0,1777937.0
95121,81042.0,149036.0,145814.0,125134.0,241046.0,169606.0
95122,155150.0,249242.0,168011.0,96966.0,96264.0,16974.0
95123,105380.0,225695.0,274087.0,266513.0,722281.0,392035.0
95124,67624.0,135234.0,159977.0,187178.0,721706.0,784183.0
95125,79387.0,164308.0,190811.0,189063.0,662773.0,1241129.0
95126,64250.0,130083.0,134032.0,120705.0,324823.0,391193.0
95127,160756.0,274814.0,218193.0,169804.0,310646.0,199677.0
95128,68725.0,142140.0,133325.0,118152.0,327609.0,284265.0
95129,50742.0,98335.0,119425.0,134060.0,530592.0,960823.0
95130,21914.0,44380.0,44088.0,40624.0,167352.0,176524.0
95131,46944.0,104054.0,118747.0,120939.0,363176.0,306603.0
95132,71277.0,143746.0,165159.0,166282.0,434242.0,258274.0
95133,53631.0,95453.0,93808.0,81018.0,183246.0,111796.0
95134,19528.0,47375.0,62388.0,90174.0,287339.0,216959.0
95135,22893.0,44216.0,60548.0,71813.0,307532.0,526085.0
95136,74607.0,160754.0,179006.0,191020.0,511190.0,274432.0
95138,21035.0,43800.0,55539.0,59431.0,244809.0,790000.0
95139,9573.0,18351.0,24722.0,32011.0,105500.0,58154.0
95140,595.0,988.0,3053.0,,13232.0,
95148,82495.0,154524.0,159829.0,166249.0,439859.0,350913.0
95202,18380.0,12265.0,3732.0,1972.0,5540.0,
95203,44673.0,53190.0,36601.0,19359.0,28559.0,10815.0
95204,63459.0,114513.0,103539.0,75951.0,107583.0,72756.0
95205,117622.0,134595.0,65714.0,26814.0,23964.0,
95206,194352.0,254269.0,170534.0,99565.0,103099.0,14523.0
95207,118089.0,180899.0,142333.0,98673.0,156548.0,89421.0
95209,74640.0,135120.0,156098.0,151503.0,278584.0,56504.0
95210,101089.0,142541.0,94602.0,52812.0,55825.0,
95212,53046.0,90587.0,90292.0,82590.0,127717.0,119638.0
95215,58433.0,78902.0,53146.0,35405.0,57143.0,33545.0
95219,43151.0,92867.0,107364.0,105747.0,283762.0,324893.0
95220,14569.0,24320.0,21071.0,21111.0,48689.0,55610.0
95222,7509.0,13360.0,14106.0,14131.0,31905.0,15368.0
95223,9205.0,15681.0,16558.0,16040.0,25270.0,13056.0
95228,7446.0,14751.0,18016.0,18369.0,29958.0,18332.0
95230,1790.0,3638.0,2750.0,6068.0,,
95231,10880.0,16703.0,9722.0,7848.0,12403.0,
95232,770.0,1370.0,3728.0,,,
95236,13484.0,21684.0,18105.0,18368.0,45748.0,44882.0
95237,9739.0,15003.0,13562.0,12529.0,21404.0,10700.0
95240,111578.0,152713.0,124718.0,100438.0,143713.0,97973.0
95242,44972.0,90796.0,107305.0,106121.0,216823.0,123468.0
95245,3584.0,6156.0,8471.0,5776.0,13359.0,
95246,4128.0,7010.0,7078.0,6581.0,14290.0,
95247,9157.0,15256.0,18450.0,17543.0,30980.0,18032.0
95249,8471.0,15928.0,13444.0,12402.0,34900.0,
95251,1558.0,2294.0,2496.0,2006.0,5938.0,
95252,20975.0,44765.0,56135.0,54758.0,91761.0,23300.0
95255,3896.0,6380.0,6738.0,4466.0,15510.0,
95257,1120.0,1851.0,4210.0,,,0.0
95258,12254.0,17901.0,17345.0,20377.0,46646.0,51875.0
95301,85293.0,131032.0,111274.0,87641.0,133575.0,52487.0
95303,2302.0,3459.0,4313.0,,9357.0,
95304,20662.0,34466.0,33431.0,39534.0,123099.0,131222.0
95306,1798.0,3336.0,3546.0,3347.0,11859.0,
95307,102143.0,169142.0,137659.0,93167.0,94252.0,19276.0
95310,6206.0,10163.0,8736.0,7976.0,18736.0,
95311,4440.0,6037.0,5405.0,5857.0,8913.0,
95313,4612.0,6728.0,4106.0,1997.0,10038.0,
95315,30756.0,49913.0,34348.0,16496.0,18106.0,
95316,13873.0,26466.0,26515.0,23553.0,39856.0,21920.0
95317,2337.0,5389.0,4698.0,,,
95320,24766.0,48644.0,46052.0,47485.0,89256.0,41369.0
95321,7803.0,13017.0,16560.0,13212.0,20915.0,20078.0
95322,21293.0,34921.0,28099.0,18819.0,24554.0,8398.0
95323,2601.0,5659.0,4221.0,3573.0,23208.0,
95324,14037.0,30823.0,25815.0,22585.0,28546.0,20240.0
95326,22236.0,34313.0,33854.0,34308.0,52472.0,28931.0
95327,14287.0,22499.0,21654.0,18052.0,21971.0,10507.0
95328,8407.0,13008.0,9229.0,5600.0,3321.0,
95329,3555.0,7668.0,10098.0,10171.0,17608.0,
95330,34357.0,73246.0,81041.0,69602.0,84622.0,13616.0
95333,8435.0,11685.0,6935.0,5471.0,16253.0,
95334,45781.0,64983.0,38960.0,18292.0,28537.0,
95335,714.0,4564.0,,,,
95336,89988.0,167062.0,171425.0,153503.0,233110.0,74603.0
95337,58584.0,113776.0,121045.0,119292.0,216034.0,64802.0
95338,23776.0,41383.0,38432.0,36288.0,50375.0,20542.0
95340,80689.0,111445.0,101966.0,94311.0,167230.0,120395.0
95341,103022.0,94588.0,50804.0,27702.0,24026.0,8673.0
95345,1907.0,3655.0,2460.0,2968.0,3011.0,
95346,2548.0,6184.0,5210.0,5768.0,8032.0,
95348,79383.0,96972.0,82295.0,63001.0,85602.0,24295.0
95350,119933.0,197404.0,171953.0,126995.0,189072.0,86277.0
95351,123459.0,140441.0,78099.0,45352.0,44919.0,13638.0
95354,59175.0,92072.0,69328.0,46285.0,60879.0,52381.0
95355,109041.0,197473.0,226899.0,207433.0,375754.0,198379.0
95356,58748.0,108850.0,116612.0,104110.0,215583.0,407279.0
95357,27363.0,47112.0,49891.0,42270.0,67262.0,51795.0
95358,77407.0,114432.0,80848.0,54578.0,77106.0,45759.0
95360,25871.0,49634.0,41101.0,26911.0,31902.0,12482.0
95361,61064.0,111729.0,117697.0,113305.0,215184.0,133554.0
95363,62514.0,102664.0,89900.0,72473.0,100514.0,34691.0
95365,16175.0,19440.0,7779.0,3077.0,4589.0,
95366,28250.0,50204.0,67916.0,65606.0,171349.0,111264.0
95367,52609.0,86094.0,86155.0,75226.0,91677.0,30403.0
95368,26289.0,52088.0,61902.0,51194.0,68219.0,13778.0
95369,2566.0,4025.0,2646.0,2415.0,3685.0,
95370,56530.0,94407.0,101709.0,86032.0,143185.0,77453.0
95372,5682.0,11135.0,13583.0,9022.0,16424.0,
95374,4160.0,7498.0,4393.0,3124.0,5332.0,
95376,101970.0,193756.0,197420.0,174011.0,294719.0,74198.0
95377,39763.0,77752.0,106808.0,135804.0,336253.0,96778.0
95379,8012.0,15770.0,15176.0,14391.0,26888.0,
95380,98508.0,146143.0,106859.0,75469.0,99675.0,42725.0
95382,64603.0,112791.0,134381.0,123155.0,242974.0,100854.0
95383,9158.0,17295.0,17534.0,16457.0,28808.0,17211.0
95385,489.0,6595.0,,,,
95386,22513.0,38453.0,33157.0,25322.0,34696.0,15506.0
95388,40431.0,51042.0,24387.0,12475.0,16789.0,
95389,5995.0,10855.0,6573.0,3307.0,5729.0,
95391,9290.0,22833.0,39013.0,50998.0,150747.0,34560.0
95401,83519.0,159065.0,140067.0,105775.0,157621.0,142797.0
95403,89273.0,178610.0,181624.0,152080.0,305102.0,275431.0
95404,76026.0,144795.0,148002.0,132212.0,329971.0,459169.0
95405,41772.0,91615.0,103221.0,98704.0,207768.0,164221.0
95407,94126.0,170730.0,131551.0,87450.0,92180.0,21600.0
95409,48544.0,106363.0,128626.0,118702.0,275187.0,215506.0
95410,2384.0,3317.0,2727.0,1769.0,9738.0,
95412,555.0,3485.0,,,,0.0
95415,4223.0,6130.0,4437.0,3248.0,6184.0,
95420,405.0,5794.0,,,,
95421,2854.0,5921.0,5776.0,4410.0,14362.0,
95422,34628.0,38049.0,21603.0,12793.0,17609.0,
95423,8453.0,11998.0,9573.0,7453.0,8486.0,
95425,22969.0,44704.0,45570.0,42463.0,68721.0,29442.0
95427,1106.0,6777.0,,,,
95428,5211.0,7565.0,4262.0,6892.0,,
95432,926.0,9030.0,,,,
95436,11645.0,24204.0,24482.0,22609.0,39204.0,22122.0
95437,36938.0,61863.0,47567.0,34758.0,41060.0,20962.0
95439,2421.0,3962.0,3370.0,3080.0,11724.0,
95441,6588.0,12639.0,9958.0,8191.0,15563.0,17945.0
95442,7015.0,14626.0,16666.0,14522.0,28887.0,88910.0
95443,757.0,3293.0,,,,
95444,3456.0,6191.0,6728.0,4581.0,9406.0,6245.0
95445,6734.0,11523.0,11490.0,9082.0,20833.0,16233.0
95446,12127.0,23454.0,20756.0,15707.0,21884.0,17557.0
95448,42084.0,76954.0,70864.0,61002.0,139794.0,253909.0
95449,4498.0,7259.0,4396.0,3319.0,10808.0,
95450,690.0,1814.0,2752.0,,5984.0,
95451,24337.0,40707.0,36609.0,30186.0,48148.0,20291.0
95452,3281.0,7276.0,7178.0,7979.0,19343.0,38852.0
95453,23679.0,44829.0,38621.0,30126.0,45799.0,25626.0
95454,6661.0,8601.0,5357.0,3384.0,5933.0,
95456,1535.0,3034.0,2716.0,2295.0,7686.0,
95457,8840.0,13968.0,14062.0,8478.0,14899.0,
95458,6128.0,8888.0,6649.0,4744.0,5726.0,
95459,1003.0,1506.0,5583.0,,,
95460,7898.0,12237.0,11557.0,9567.0,18868.0,21443.0
95461,9687.0,15937.0,13963.0,10831.0,19417.0,8929.0
95462,3066.0,4119.0,5294.0,3970.0,6336.0,
95464,6175.0,8482.0,6210.0,3018.0,3339.0,
95465,5600.0,8936.0,8823.0,7885.0,15612.0,25810.0
95466,4224.0,5766.0,4158.0,2645.0,6487.0,
95467,7811.0,16201.0,23323.0,23815.0,39254.0,10219.0
95468,3997.0,5584.0,3047.0,2341.0,5377.0,
95469,4456.0,6460.0,5881.0,5469.0,10401.0,
95470,12835.0,24256.0,23129.0,21975.0,33137.0,12313.0
95472,52468.0,102757.0,110418.0,103870.0,245163.0,218531.0
95476,63611.0,125695.0,135214.0,121042.0,274987.0,405060.0
95482,68182.0,117726.0,96104.0,78806.0,131121.0,77576.0
95485,5510.0,10597.0,7618.0,6250.0,5554.0,
95490,29259.0,51108.0,44934.0,29517.0,40327.0,16451.0
95492,53507.0,101768.0,117649.0,119771.0,287944.0,129210.0
95494,432.0,6051.0,,,,
95501,55715.0,82824.0,65060.0,43240.0,56126.0,33507.0
95503,48419.0,85923.0,89876.0,73362.0,103645.0,60958.0
95519,38106.0,64782.0,66212.0,56225.0,80691.0,41279.0
95521,45007.0,53651.0,43004.0,35494.0,57562.0,39001.0
95524,4135.0,7884.0,8241.0,9253.0,15555.0,22853.0
95525,4545.0,6736.0,8663.0,6101.0,11394.0,
95526,1114.0,1753.0,7810.0,,,
95527,826.0,1371.0,3004.0,,,0.0
95528,2123.0,3628.0,4024.0,2694.0,4511.0,
95531,42289.0,65262.0,62172.0,54958.0,78534.0,27010.0
95536,6236.0,12523.0,11224.0,9125.0,13128.0,5737.0
95540,28853.0,50948.0,48810.0,40012.0,49486.0,33387.0
95542,6227.0,8347.0,5291.0,4023.0,9817.0,
95543,1217.0,2760.0,3761.0,3401.0,6189.0,
95546,6693.0,9117.0,4329.0,3841.0,4099.0,
95547,2383.0,4834.0,5025.0,5820.0,11863.0,
95548,3032.0,3091.0,5451.0,,,
95549,1269.0,2384.0,3733.0,4411.0,10102.0,
95551,3307.0,4921.0,4832.0,4223.0,13538.0,
95552,899.0,4619.0,,,,
95554,996.0,3299.0,,,,
95558,921.0,1639.0,2319.0,,,
95560,7748.0,10572.0,5939.0,3276.0,6695.0,
95562,7007.0,11820.0,10068.0,4999.0,4763.0,
95564,1159.0,3994.0,,,,
95565,2677.0,4775.0,4108.0,3850.0,,
95567,5844.0,8278.0,6685.0,4753.0,10441.0,
95570,6086.0,9741.0,9266.0,9551.0,14390.0,9961.0
95573,4265.0,6660.0,6744.0,4803.0,14116.0,
95585,997.0,1905.0,,,,0.0
95589,2647.0,3874.0,2763.0,5069.0,,
95602,33089.0,55950.0,67111.0,68824.0,159955.0,142493.0
95603,54360.0,91425.0,101969.0,103917.0,213541.0,167948.0
95605,34434.0,53398.0,34497.0,20270.0,21497.0,20645.0
95606,469.0,3550.0,,,,41567.0
95607,300.0,924.0,8302.0,,,
95608,115125.0,224188.0,237342.0,226764.0,484649.0,455534.0
95610,105188.0,200589.0,176303.0,141893.0,192673.0,530083.0
95612,3170.0,5783.0,5560.0,4665.0,11073.0,16649.0
95614,5888.0,13076.0,17549.0,21804.0,47732.0,14971.0
95615,2403.0,4605.0,3169.0,1988.0,6925.0,
95616,66906.0,99298.0,102370.0,110050.0,355319.0,397464.0
95618,34011.0,62890.0,72844.0,80722.0,289041.0,357655.0
95619,12838.0,23844.0,24035.0,18803.0,27193.0,8330.0
95620,41256.0,82951.0,82347.0,76316.0,160181.0,51426.0
95621,93133.0,204948.0,193267.0,147264.0,150999.0,15496.0
95623,9096.0,19137.0,20257.0,21983.0,38099.0,14819.0
95624,100503.0,202687.0,245571.0,256617.0,565385.0,213349.0
95626,12703.0,24125.0,24568.0,21818.0,40810.0,
95627,6995.0,18029.0,13947.0,9899.0,19615.0,
95628,75602.0,159721.0,187348.0,180484.0,434200.0,359182.0
95629,1678.0,3229.0,3106.0,4653.0,11387.0,
95630,83675.0,177268.0,248143.0,312252.0,994031.0,647003.0
95631,10394.0,22773.0,26484.0,30084.0,48127.0,18456.0
95632,56695.0,105653.0,108833.0,102712.0,164815.0,28632.0
95633,6020.0,11639.0,14236.0,14068.0,22409.0,
95634,5888.0,11640.0,13678.0,11766.0,21736.0,
95635,2114.0,3663.0,4446.0,5346.0,12259.0,
95636,1651.0,3668.0,4664.0,3455.0,5856.0,
95637,886.0,1224.0,2162.0,,4997.0,
95638,3896.0,7179.0,7303.0,10221.0,22046.0,15128.0
95640,13798.0,28057.0,34914.0,32532.0,45375.0,10181.0
95641,4502.0,7777.0,6789.0,5328.0,10659.0,
95642,17251.0,30271.0,30750.0,28276.0,47758.0,44144.0
95645,4092.0,7447.0,5148.0,2987.0,6873.0,
95648,77287.0,168164.0,227431.0,248830.0,478125.0,188396.0
95650,22853.0,40741.0,48562.0,54548.0,134283.0,236371.0
95651,1578.0,2483.0,3987.0,3150.0,12504.0,
95652,1062.0,1707.0,4340.0,,,
95655,5328.0,13716.0,16902.0,21713.0,42542.0,
95658,11107.0,23479.0,26648.0,26656.0,69983.0,67718.0
95659,1347.0,3030.0,2499.0,2252.0,4527.0,10015.0
95660,84130.0,137235.0,89933.0,43203.0,37171.0,
95661,55129.0,101912.0,123932.0,129746.0,330296.0,309718.0
95662,60227.0,130485.0,147645.0,138793.0,269535.0,93710.0
95663,4751.0,8923.0,11703.0,13727.0,34419.0,22428.0
95664,2072.0,3927.0,4855.0,6597.0,21889.0,
95665,9227.0,18440.0,20135.0,18425.0,30641.0,13186.0
95666,10364.0,18969.0,25207.0,21370.0,26810.0,6633.0
95667,68370.0,125368.0,144545.0,142629.0,282004.0,126322.0
95668,1747.0,2440.0,3437.0,4391.0,14148.0,
95669,5037.0,10955.0,10161.0,9041.0,17114.0,14603.0
95670,116346.0,227907.0,213000.0,171878.0,311438.0,211771.0
95672,7054.0,11419.0,18186.0,21637.0,61936.0,41775.0
95673,33600.0,64793.0,61621.0,46778.0,47532.0,15036.0
95674,1630.0,3214.0,3587.0,3225.0,10106.0,
95677,44183.0,91409.0,103378.0,110598.0,241771.0,122513.0
95678,84238.0,172842.0,184085.0,172558.0,314864.0,103776.0
95681,2756.0,5221.0,4988.0,3775.0,6809.0,
95682,50173.0,96008.0,115780.0,133991.0,343741.0,193975.0
95683,7464.0,15902.0,25938.0,33730.0,116797.0,91669.0
95684,5799.0,10786.0,13066.0,11232.0,23287.0,
95685,9269.0,18458.0,21690.0,19725.0,39704.0,19870.0
95687,108329.0,224909.0,260499.0,260405.0,526428.0,122752.0
95688,60830.0,110467.0,137033.0,143813.0,406586.0,189339.0
95689,2270.0,4881.0,6551.0,8273.0,14597.0,
95690,6582.0,11065.0,7865.0,4962.0,10377.0,21517.0
95691,64562.0,135170.0,158930.0,146239.0,255962.0,71723.0
95692,8905.0,18298.0,19854.0,18287.0,28911.0,12660.0
95693,11425.0,19502.0,26348.0,30988.0,82884.0,74734.0
95694,20154.0,39334.0,35992.0,32424.0,64301.0,31389.0
95695,77684.0,159544.0,131811.0,113762.0,212457.0,164168.0
95703,3215.0,6458.0,7135.0,8424.0,18700.0,
95709,9779.0,17409.0,20274.0,17844.0,43026.0,19162.0
95713,14288.0,27405.0,32693.0,32614.0,54242.0,24867.0
95722,7497.0,15179.0,23109.0,21128.0,49912.0,64248.0
95726,15535.0,30084.0,38425.0,37814.0,56942.0,11436.0
95742,10512.0,25609.0,44231.0,52923.0,118277.0,33058.0
95746,26433.0,44801.0,59578.0,76239.0,327400.0,839801.0
95747,73453.0,153900.0,226695.0,284949.0,719967.0,307918.0
95757,49410.0,106761.0,147873.0,179748.0,411305.0,121450.0
95758,95023.0,229014.0,284322.0,272904.0,531515.0,158932.0
95762,42714.0,73756.0,113572.0,165657.0,660138.0,1091584.0
95765,43589.0,89340.0,122426.0,152752.0,448777.0,242311.0
95776,50072.0,97518.0,87915.0,73640.0,129099.0,41861.0
95811,18739.0,38796.0,26312.0,15321.0,22872.0,38438.0
95814,21718.0,44494.0,30567.0,20546.0,29358.0,33465.0
95815,67753.0,87489.0,47957.0,25052.0,25995.0,12373.0
95816,46567.0,116911.0,94912.0,68132.0,128730.0,115105.0
95817,33180.0,54614.0,44788.0,30248.0,37089.0,9356.0
95818,43224.0,83763.0,90511.0,83653.0,226616.0,208553.0
95819,24436.0,69584.0,94922.0,97436.0,242087.0,205484.0
95820,91374.0,155617.0,113681.0,70105.0,59788.0,11076.0
95821,83967.0,131011.0,122850.0,107621.0,175917.0,75776.0
95822,102592.0,192316.0,166759.0,115939.0,172316.0,77112.0
95823,196185.0,302277.0,199901.0,109663.0,95431.0,12624.0
95824,89112.0,110564.0,54420.0,24649.0,19412.0,
95825,88286.0,129358.0,103940.0,66743.0,105370.0,98097.0
95826,79154.0,161619.0,164416.0,130046.0,183420.0,42758.0
95827,46449.0,106561.0,91888.0,65564.0,74706.0,24793.0
95828,143229.0,245079.0,179742.0,117048.0,123629.0,29145.0
95829,45641.0,91289.0,106298.0,98557.0,210403.0,74079.0
95830,1307.0,2765.0,3155.0,2629.0,9643.0,7321.0
95831,71828.0,185350.0,213775.0,198736.0,451601.0,253264.0
95832,31565.0,44380.0,23962.0,9611.0,9210.0,
95833,85136.0,183710.0,155107.0,108545.0,146928.0,44315.0
95834,56007.0,115705.0,108010.0,78917.0,123929.0,66527.0
95835,50304.0,133000.0,175134.0,180460.0,359202.0,120865.0
95837,536.0,3020.0,,,11522.0,
95838,98141.0,142454.0,86157.0,43758.0,36325.0,
95841,53281.0,86433.0,63534.0,45019.0,51290.0,34964.0
95842,80981.0,139040.0,109726.0,67369.0,63628.0,
95843,83837.0,182694.0,198163.0,169967.0,238351.0,29022.0
95864,36421.0,75737.0,91761.0,98576.0,280809.0,614266.0
95901,74608.0,114672.0,101209.0,70267.0,91461.0,20686.0
95903,6612.0,6836.0,3602.0,2740.0,3334.0,
95912,11619.0,23948.0,16235.0,11788.0,15806.0,29373.0
95914,1828.0,2698.0,4614.0,2270.0,2702.0,
95916,3129.0,4372.0,4077.0,3429.0,5117.0,
95917,7196.0,11387.0,11049.0,9444.0,9868.0,9807.0
95918,3311.0,7267.0,8171.0,10464.0,20854.0,8663.0
95919,2442.0,4889.0,4541.0,3124.0,7531.0,
95920,772.0,5589.0,,,,
95922,1232.0,1654.0,4972.0,,,
95925,1244.0,,3069.0,,,
95926,75823.0,110696.0,105557.0,99584.0,153719.0,75529.0
95928,71849.0,103007.0,100354.0,86614.0,174402.0,204757.0
95932,17323.0,32396.0,25875.0,20639.0,38327.0,33242.0
95934,678.0,3841.0,,,,
95935,1784.0,2315.0,1964.0,3657.0,,0.0
95938,7686.0,15851.0,15563.0,14807.0,33025.0,26587.0
95939,810.0,1440.0,4036.0,,,
95941,880.0,1506.0,3365.0,,,
95942,2597.0,4817.0,6100.0,7186.0,16040.0,
95943,1539.0,3328.0,4560.0,,6380.0,11308.0
95945,59607.0,94068.0,90517.0,72715.0,120599.0,77822.0
95946,17519.0,37848.0,45452.0,43444.0,83316.0,45189.0
95947,3570.0,6349.0,6075.0,6036.0,6850.0,
95948,24716.0,43364.0,32041.0,24593.0,35819.0,21168.0
95949,35479.0,67423.0,81850.0,84661.0,152442.0,70390.0
95953,24980.0,38569.0,29920.0,19104.0,23506.0,13689.0
95954,24400.0,43319.0,39677.0,32106.0,33518.0,5683.0
95957,1534.0,2897.0,3802.0,2031.0,6828.0,
95959,37256.0,61473.0,71733.0,68182.0,142943.0,123087.0
95960,3543.0,4326.0,8036.0,,,
95961,51419.0,89672.0,79847.0,56260.0,64075.0,7652.0
95962,3186.0,5147.0,5889.0,4998.0,15196.0,
95963,35962.0,62525.0,46765.0,34726.0,38898.0,16930.0
95965,45301.0,61957.0,44503.0,32764.0,35198.0,19737.0
95966,60729.0,97183.0,89165.0,73674.0,90403.0,30863.0
95968,5754.0,7806.0,5750.0,5346.0,,
95969,59272.0,97801.0,90089.0,76034.0,120232.0,57678.0
95970,1104.0,2198.0,3377.0,,10040.0,
95971,12658.0,24859.0,26710.0,23089.0,31188.0,12038.0
95973,66341.0,116103.0,117588.0,112808.0,193837.0,119477.0
95975,4046.0,7307.0,6621.0,5993.0,15683.0,
95977,2907.0,5712.0,6683.0,5491.0,9250.0,
95979,764.0,1755.0,2106.0,3524.0,,
95982,6175.0,13062.0,15395.0,10514.0,19747.0,11423.0
95983,876.0,2045.0,5517.0,,,0.0
95987,16830.0,32534.0,20593.0,9795.0,13641.0,9615.0
95988,19211.0,34251.0,29932.0,24230.0,33686.0,23758.0
95991,94249.0,136656.0,118580.0,89390.0,124281.0,54587.0
95993,68718.0,130188.0,129073.0,125509.0,212250.0,102482.0
96001,68007.0,106187.0,113576.0,104336.0,184693.0,149320.0
96002,75864.0,116587.0,105477.0,86538.0,128154.0,66626.0
96003,91024.0,158215.0,155111.0,132468.0,188308.0,79815.0
96006,1153.0,2398.0,4826.0,,,0.0
96007,52623.0,83433.0,75348.0,53172.0,48504.0,20200.0
96008,3867.0,6508.0,6052.0,6242.0,14540.0,
96013,8138.0,15845.0,16886.0,10883.0,19108.0,
96015,1092.0,5344.0,,,,
96016,453.0,1096.0,5163.0,,,
96019,22336.0,36669.0,30540.0,21945.0,24372.0,
96020,6983.0,10175.0,11918.0,10729.0,18376.0,
96021,38930.0,58871.0,40546.0,25853.0,28329.0,10958.0
96022,31264.0,56293.0,59240.0,49219.0,73199.0,20628.0
96023,3418.0,4795.0,3313.0,5702.0,,
96024,1797.0,3239.0,2304.0,2141.0,4000.0,
96025,5477.0,7482.0,7364.0,3776.0,6321.0,
96027,4319.0,8555.0,7914.0,6168.0,13006.0,
96028,3097.0,5583.0,6533.0,5316.0,7519.0,
96032,4697.0,8427.0,8395.0,7088.0,8657.0,
96033,821.0,1717.0,3208.0,,,0.0
96034,673.0,4868.0,,,,
96035,7660.0,11467.0,6942.0,4937.0,6136.0,
96038,1655.0,2707.0,1996.0,5229.0,,
96039,2262.0,4776.0,6689.0,,,
96040,631.0,4741.0,,,,
96041,5103.0,7496.0,5643.0,3306.0,9581.0,
96044,2277.0,3399.0,3343.0,2108.0,3529.0,
96047,2063.0,2999.0,3102.0,2613.0,6812.0,
96048,1408.0,2331.0,2547.0,4103.0,,0.0
96050,794.0,1458.0,3558.0,,,
96051,2671.0,4238.0,4651.0,4056.0,7398.0,
96052,2702.0,4902.0,4432.0,2440.0,3392.0,
96055,8459.0,13549.0,13134.0,8055.0,47199.0,
96056,2845.0,6086.0,7324.0,3287.0,9597.0,
96057,2661.0,5650.0,5197.0,2913.0,4169.0,
96058,2054.0,2731.0,7139.0,,,
96059,1316.0,2330.0,1743.0,4549.0,,
96062,2222.0,4449.0,4595.0,4748.0,13533.0,
96064,8531.0,16562.0,14615.0,11261.0,15154.0,
96065,778.0,1368.0,2954.0,,,0.0
96067,17978.0,27542.0,31551.0,26071.0,42108.0,19657.0
96069,2033.0,3364.0,2844.0,2041.0,6556.0,
96073,7930.0,17646.0,18553.0,20709.0,47558.0,25837.0
96080,62895.0,107331.0,92292.0,74461.0,102695.0,46208.0
96086,749.0,2795.0,,,0.0,
96088,9408.0,17265.0,18941.0,15727.0,19796.0,
96091,1489.0,2288.0,2068.0,4915.0,,
96094,14302.0,23478.0,21564.0,20759.0,22687.0,24004.0
96096,1680.0,2451.0,3285.0,2785.0,4445.0,
96097,22264.0,40350.0,35754.0,27427.0,29803.0,29136.0
96101,11917.0,19879.0,17131.0,14794.0,25004.0,
96103,3191.0,7109.0,8192.0,6779.0,17147.0,
96104,1706.0,3681.0,3356.0,4965.0,,
96105,745.0,1615.0,1928.0,1968.0,3040.0,0.0
96107,1675.0,4851.0,3900.0,3398.0,5336.0,
96109,1742.0,3670.0,4342.0,2202.0,4261.0,
96114,4953.0,10294.0,15857.0,16158.0,26716.0,
96117,685.0,6205.0,,,,
96118,2532.0,5957.0,7439.0,5135.0,6090.0,
96120,1937.0,3191.0,3230.0,2078.0,8750.0,
96121,497.0,1576.0,2480.0,4985.0,,
96122,8823.0,14578.0,13313.0,10369.0,15353.0,6961.0
96124,474.0,5431.0,,,,0.0
96125,5813.0,,,,,0.0
96128,983.0,1801.0,3484.0,2824.0,3620.0,
96130,26411.0,48732.0,64848.0,61771.0,77367.0,16677.0
96134,5400.0,9218.0,5661.0,3455.0,6632.0,
96137,5610.0,12276.0,15087.0,9493.0,19411.0,
96146,3657.0,6713.0,4205.0,3867.0,10958.0,19176.0
96150,38121.0,50389.0,47182.0,40632.0,66358.0,37620.0
96161,18378.0,34582.0,38701.0,40309.0,102079.0,130630.0
